UBC0171F39T01040000K01,Matte Black Graduation Cap Gown Tassel Set 2019 for Bachelors - Non Pleated,B07P9TNRS6,X0022S1TDB,,New,Merchant,Polybagging,Merchant,2
UBC0171F42T01040000K01,Matte Black Graduation Cap Gown Tassel Set 2019 for Bachelors - Non Pleated,B07P6N6C6D,X0022S1UNP,,New,Merchant,Polybagging,Merchant,6
UBC0171F45T00060000K01,Matte Black Graduation Cap Gown Tassel Set 2019 for Bachelors - Non Pleated,B07P7S65JM,X0022P8MIJ,,New,Merchant,Polybagging,Merchant,4
UBC0171F45T00170000K01,Matte Black Graduation Cap Gown Tassel Set 2019 for Bachelors - Non Pleated,B07P8WX5GS,X0022OD29T,,New,Merchant,Polybagging,Merchant,5
UBC0171F45T00170310K01,Matte Black Graduation Cap Gown Tassel Set 2019 for Bachelors - Non Pleated,B07P8WTR2P,X0022NE9LP,,New,Merchant,Polybagging,Merchant,2
UBC0171F45T00190000K01,Matte Black Graduation Cap Gown Tassel Set 2019 for Bachelors - Non Pleated,B07P6N6J3Z,X0022NEC8Z,,New,Merchant,Polybagging,Merchant,8
UBC0171F45T00250190K01,Matte Black Graduation Cap Gown Tassel Set 2019 for Bachelors - Non Pleated,B07P7S615N,X0022P8KG3,,New,Merchant,Polybagging,Merchant,5
UBC0171F45T01040000K01,Matte Black Graduation Cap Gown Tassel Set 2019 for Bachelors - Non Pleated,B07P5PVXBT,X0022P8J0P,,New,Merchant,Polybagging,Merchant,9
UBC0171F48T00060000K01,Matte Black Graduation Cap Gown Tassel Set 2019 for Bachelors - Non Pleated,B07P6N6JPD,X0022P8829,,New,Merchant,Polybagging,Merchant,5
UBC0171F48T00170000K01,Matte Black Graduation Cap Gown Tassel Set 2019 for Bachelors - Non Pleated,B07P6N6MK1,X0022NEDCF,,New,Merchant,Polybagging,Merchant,8
UBC0171F48T00170310K01,Matte Black Graduation Cap Gown Tassel Set 2019 for Bachelors - Non Pleated,B07P6N6CKJ,X0022NEC8P,,New,Merchant,Polybagging,Merchant,4
UBC0171F48T00190000K01,Matte Black Graduation Cap Gown Tassel Set 2019 for Bachelors - Non Pleated,B07P8WHNS1,X0022R26UR,,New,Merchant,Polybagging,Merchant,12
UBC0171F48T00250190K01,Matte Black Graduation Cap Gown Tassel Set 2019 for Bachelors - Non Pleated,B07P6LGSJF,X0022OD5M3,,New,Merchant,Polybagging,Merchant,7
UBC0171F48T01040000K01,Matte Black Graduation Cap Gown Tassel Set 2019 for Bachelors - Non Pleated,B07P5PV95W,X0022R2CBP,,New,Merchant,Polybagging,Merchant,14
UBC0171F51T00060000K01,Matte Black Graduation Cap Gown Tassel Set 2019 for Bachelors - Non Pleated,B07P8WSS8Q,X0022Q7275,,New,Merchant,Polybagging,Merchant,5
UBC0171F51T00170000K01,Matte Black Graduation Cap Gown Tassel Set 2019 for Bachelors - Non Pleated,B07P8W5HNP,X0022OD2AD,,New,Merchant,Polybagging,Merchant,8
UBC0171F51T00170310K01,Matte Black Graduation Cap Gown Tassel Set 2019 for Bachelors - Non Pleated,B07P7S5JMX,X0022NED6V,,New,Merchant,Polybagging,Merchant,4
UBC0171F51T00190000K01,Matte Black Graduation Cap Gown Tassel Set 2019 for Bachelors - Non Pleated,B07P8X2DP5,X0022NEDST,,New,Merchant,Polybagging,Merchant,13
UBC0171F51T00250190K01,Matte Black Graduation Cap Gown Tassel Set 2019 for Bachelors - Non Pleated,B07P6N6J98,X0022S1UOJ,,New,Merchant,Polybagging,Merchant,8
UBC0171F51T01040000K01,Matte Black Graduation Cap Gown Tassel Set 2019 for Bachelors - Non Pleated,B07P8WNYNN,X0022OD2OT,,New,Merchant,Polybagging,Merchant,15
UBC0171F54T00060000K01,Matte Black Graduation Cap Gown Tassel Set 2019 for Bachelors - Non Pleated,B07P9VLCH3,X0022S1UP3,,New,Merchant,Polybagging,Merchant,4
UBC0171F54T00170000K01,Matte Black Graduation Cap Gown Tassel Set 2019 for Bachelors - Non Pleated,B07P6N62WH,X0022OD2NZ,,New,Merchant,Polybagging,Merchant,6
UBC0171F54T00170310K01,Matte Black Graduation Cap Gown Tassel Set 2019 for Bachelors - Non Pleated,B07P6N6BD1,X0022NEDB1,,New,Merchant,Polybagging,Merchant,3
UBC0171F54T00190000K01,Matte Black Graduation Cap Gown Tassel Set 2019 for Bachelors - Non Pleated,B07P9V1TN5,X0022NED7F,,New,Merchant,Polybagging,Merchant,8
UBC0171F54T00250190K01,Matte Black Graduation Cap Gown Tassel Set 2019 for Bachelors - Non Pleated,B07P5PW1F7,X0022Q727F,,New,Merchant,Polybagging,Merchant,5
UBC0171F54T01040000K01,Matte Black Graduation Cap Gown Tassel Set 2019 for Bachelors - Non Pleated,B07P7S657G,X0022NEDC5,,New,Merchant,Polybagging,Merchant,10
UBC0171F57T00060000K01,Matte Black Graduation Cap Gown Tassel Set 2019 for Bachelors - Non Pleated,B07P9YD798,X0022P8K8B,,New,Merchant,Polybagging,Merchant,2
UBC0171F57T00170000K01,Matte Black Graduation Cap Gown Tassel Set 2019 for Bachelors - Non Pleated,B07P7S59LG,X0022OD2XF,,New,Merchant,Polybagging,Merchant,3
UBC0171F57T00170310K01,Matte Black Graduation Cap Gown Tassel Set 2019 for Bachelors - Non Pleated,B07P8X3FFY,X0022OD5MD,,New,Merchant,Polybagging,Merchant,2
UBC0171F57T00190000K01,Matte Black Graduation Cap Gown Tassel Set 2019 for Bachelors - Non Pleated,B07P6LGFXY,X0022P8KFJ,,New,Merchant,Polybagging,Merchant,5
UBC0171F57T00250190K01,Matte Black Graduation Cap Gown Tassel Set 2019 for Bachelors - Non Pleated,B07P6N6JJP,X0022Q73UB,,New,Merchant,Polybagging,Merchant,3
UBC0171F57T01040000K01,Matte Black Graduation Cap Gown Tassel Set 2019 for Bachelors - Non Pleated,B07P6N6FMJ,X0022Q72CZ,,New,Merchant,Polybagging,Merchant,5
UBC0171F60T00190000K01,Matte Black Graduation Cap Gown Tassel Set 2019 for Bachelors - Non Pleated,B07P7S38SK,X0022NED75,,New,Merchant,Polybagging,Merchant,2
UBC0171F60T01040000K01,Matte Black Graduation Cap Gown Tassel Set 2019 for Bachelors - Non Pleated,B07P9TSRMK,X0022OD5MN,,New,Merchant,Polybagging,Merchant,4
UBC0171F63T01040000K01,Matte Black Graduation Cap Gown Tassel Set 2019 for Bachelors - Non Pleated,B07P9TCDSN,X0022OD68V,,New,Merchant,Polybagging,Merchant,2
UBC0171S39T00060000K01,Matte Black Graduation Cap Gown Tassel Set 2019 for Bachelors - Non Pleated,B07P8X218T,X0022R2VH5,,New,Merchant,Polybagging,Merchant,4
UBC0171S39T00170000K01,Matte Black Graduation Cap Gown Tassel Set 2019 for Bachelors - Non Pleated,B07P6N5S6C,X0022NEDS9,,New,Merchant,Polybagging,Merchant,6
UBC0171S39T00170310K01,Matte Black Graduation Cap Gown Tassel Set 2019 for Bachelors - Non Pleated,B07P6N6BZ6,X0022Q7743,,New,Merchant,Polybagging,Merchant,3
UBC0171S39T00190000K01,Matte Black Graduation Cap Gown Tassel Set 2019 for Bachelors - Non Pleated,B07P9T3QLH,X0022S1UOT,,New,Merchant,Polybagging,Merchant,9
UBC0171S39T00250190K01,Matte Black Graduation Cap Gown Tassel Set 2019 for Bachelors - Non Pleated,B07P7S516J,X0022P8J0F,,New,Merchant,Polybagging,Merchant,6
UBC0171S39T01040000K01,Matte Black Graduation Cap Gown Tassel Set 2019 for Bachelors - Non Pleated,B07P8X37BQ,X0022P8J0Z,,New,Merchant,Polybagging,Merchant,11
UBC0171S42T00060000K01,Matte Black Graduation Cap Gown Tassel Set 2019 for Bachelors - Non Pleated,B07P5PWD1Z,X0022NE9LZ,,New,Merchant,Polybagging,Merchant,8
UBC0171S42T00170000K01,Matte Black Graduation Cap Gown Tassel Set 2019 for Bachelors - Non Pleated,B07P6N6955,X0022S1TD1,,New,Merchant,Polybagging,Merchant,12
UBC0171S42T00170310K01,Matte Black Graduation Cap Gown Tassel Set 2019 for Bachelors - Non Pleated,B07P9X2H8K,X0022Q774D,,New,Merchant,Polybagging,Merchant,5
UBC0171S42T00190000K01,Matte Black Graduation Cap Gown Tassel Set 2019 for Bachelors - Non Pleated,B07P5PW971,X0022P8HWF,,New,Merchant,Polybagging,Merchant,8
UBC0171S42T00250190K01,Matte Black Graduation Cap Gown Tassel Set 2019 for Bachelors - Non Pleated,B07P6N6MJZ,X0022P881Z,,New,Merchant,Polybagging,Merchant,11
UBC0171S42T01040000K01,Matte Black Graduation Cap Gown Tassel Set 2019 for Bachelors - Non Pleated,B07P9TNRS7,X0022OD69F,,New,Merchant,Polybagging,Merchant,22
UBC0171S45T00060000K01,Matte Black Graduation Cap Gown Tassel Set 2019 for Bachelors - Non Pleated,B07P6N6LTP,X0022NEDTD,,New,Merchant,Polybagging,Merchant,58
UBC0171S45T00170000K01,Matte Black Graduation Cap Gown Tassel Set 2019 for Bachelors - Non Pleated,B07P7S5WR5,X0022P8EAZ,,New,Merchant,Polybagging,Merchant,92
UBC0171S45T00170310K01,Matte Black Graduation Cap Gown Tassel Set 2019 for Bachelors - Non Pleated,B07P7S6K64,X0022OD69P,,New,Merchant,Polybagging,Merchant,38
UBC0171S45T00190000K01,Matte Black Graduation Cap Gown Tassel Set 2019 for Bachelors - Non Pleated,B07P9TFHNS,X0022S1TCR,,New,Merchant,Polybagging,Merchant,115
UBC0171S45T00200000K01,Matte Black Graduation Cap Gown Tassel Set 2019 for Bachelors - Non Pleated,B07P7S6M2D,X0022NED7P,,New,Merchant,Polybagging,Merchant,8
UBC0171S45T00250190K01,Matte Black Graduation Cap Gown Tassel Set 2019 for Bachelors - Non Pleated,B07P6N5HQ9,X0022P8MJN,,New,Merchant,Polybagging,Merchant,84
UBC0171S45T01040000K01,Matte Black Graduation Cap Gown Tassel Set 2019 for Bachelors - Non Pleated,B07P8X2LM1,X0022OD68B,,New,Merchant,Polybagging,Merchant,169
UBC0171S45T08980000K01,Matte Black Graduation Cap Gown Tassel Set 2019 for Bachelors - Non Pleated,B07P9WLB2T,X0022S1TE5,,New,Merchant,Polybagging,Merchant,5
UBC0171S51T00060000K01,Matte Black Graduation Cap Gown Tassel Set 2019 for Bachelors - Non Pleated,B07P8WVQLP,X0022OD59L,,New,Merchant,Polybagging,Merchant,53
UBC0171S51T00170000K01,Matte Black Graduation Cap Gown Tassel Set 2019 for Bachelors - Non Pleated,B07P9Y3JJQ,X0022OD6AJ,,New,Merchant,Polybagging,Merchant,149
UBC0171S51T00170310K01,Matte Black Graduation Cap Gown Tassel Set 2019 for Bachelors - Non Pleated,B07P9VGVVY,X0022R2CC9,,New,Merchant,Polybagging,Merchant,62
UBC0171S51T00200000K01,Matte Black Graduation Cap Gown Tassel Set 2019 for Bachelors - Non Pleated,B07P6N6QCB,X0022P8M93,,New,Merchant,Polybagging,Merchant,13
UBC0171S51T00250190K01,Matte Black Graduation Cap Gown Tassel Set 2019 for Bachelors - Non Pleated,B07P8VGR5K,X0022OD5N7,,New,Merchant,Polybagging,Merchant,136
UBC0171S51T08980000K01,Matte Black Graduation Cap Gown Tassel Set 2019 for Bachelors - Non Pleated,B07P6N68MD,X0022OD29J,,New,Merchant,Polybagging,Merchant,8
UBC0171S54T00060000K01,Matte Black Graduation Cap Gown Tassel Set 2019 for Bachelors - Non Pleated,B07P9TZ6J1,X0022OD6A9,,New,Merchant,Polybagging,Merchant,62
UBC0171S54T00170000K01,Matte Black Graduation Cap Gown Tassel Set 2019 for Bachelors - Non Pleated,B07P9W4VK4,X0022OD5NR,,New,Merchant,Polybagging,Merchant,97
UBC0171S54T00170310K01,Matte Black Graduation Cap Gown Tassel Set 2019 for Bachelors - Non Pleated,B07P9VV5S8,X0022OD59B,,New,Merchant,Polybagging,Merchant,41
UBC0171S54T00200000K01,Matte Black Graduation Cap Gown Tassel Set 2019 for Bachelors - Non Pleated,B07P9VQ1TM,X0022NEDRZ,,New,Merchant,Polybagging,Merchant,9
UBC0171S54T00250190K01,Matte Black Graduation Cap Gown Tassel Set 2019 for Bachelors - Non Pleated,B07P5PW1ZL,X0022S1UNZ,,New,Merchant,Polybagging,Merchant,89
UBC0171S54T01040000K01,Matte Black Graduation Cap Gown Tassel Set 2019 for Bachelors - Non Pleated,B07P7S684S,X0022P8EAF,,New,Merchant,Polybagging,Merchant,27
UBC0171S54T08980000K01,Matte Black Graduation Cap Gown Tassel Set 2019 for Bachelors - Non Pleated,B07P9TL4FW,X0022NE9IX,,New,Merchant,Polybagging,Merchant,5
UBC0171S57T00060000K01,Matte Black Graduation Cap Gown Tassel Set 2019 for Bachelors - Non Pleated,B07P7S6C7J,X0022P8KF9,,New,Merchant,Polybagging,Merchant,33
UBC0171S57T00170000K01,Matte Black Graduation Cap Gown Tassel Set 2019 for Bachelors - Non Pleated,B07P8X3F7B,X0022P8KGN,,New,Merchant,Polybagging,Merchant,52
UBC0171S57T00170310K01,Matte Black Graduation Cap Gown Tassel Set 2019 for Bachelors - Non Pleated,B07P9TL4FV,X0022NEDBB,,New,Merchant,Polybagging,Merchant,22
UBC0171S57T00190000K01,Matte Black Graduation Cap Gown Tassel Set 2019 for Bachelors - Non Pleated,B07P9TCDSM,X0022Q71C1,,New,Merchant,Polybagging,Merchant,76
UBC0171S57T00200000K01,Matte Black Graduation Cap Gown Tassel Set 2019 for Bachelors - Non Pleated,B07P6N5S6B,X0022Q71HV,,New,Merchant,Polybagging,Merchant,5
UBC0171S57T00250190K01,Matte Black Graduation Cap Gown Tassel Set 2019 for Bachelors - Non Pleated,B07P8X3HKM,X0022P8MI9,,New,Merchant,Polybagging,Merchant,48
UBC0171S57T01040000K01,Matte Black Graduation Cap Gown Tassel Set 2019 for Bachelors - Non Pleated,B07P9XMPFM,X0022NEA3H,,New,Merchant,Polybagging,Merchant,95
UBC0171S57T08980000K01,Matte Black Graduation Cap Gown Tassel Set 2019 for Bachelors - Non Pleated,B07P6LGSJD,X0022P8MHP,,New,Merchant,Polybagging,Merchant,3
UBC0171S60T00060000K01,Matte Black Graduation Cap Gown Tassel Set 2019 for Bachelors - Non Pleated,B07P5PW96Z,X0022S1TDV,,New,Merchant,Polybagging,Merchant,11
UBC0171S60T00170000K01,Matte Black Graduation Cap Gown Tassel Set 2019 for Bachelors - Non Pleated,B07P9VV7S8,X0022P8MJD,,New,Merchant,Polybagging,Merchant,18
UBC0171S60T00170310K01,Matte Black Graduation Cap Gown Tassel Set 2019 for Bachelors - Non Pleated,B07P8WMGQS,X0022OD68L,,New,Merchant,Polybagging,Merchant,8
UBC0171S60T00190000K01,Matte Black Graduation Cap Gown Tassel Set 2019 for Bachelors - Non Pleated,B07P8WMGQT,X0022P8HVV,,New,Merchant,Polybagging,Merchant,26
UBC0171S60T00200000K01,Matte Black Graduation Cap Gown Tassel Set 2019 for Bachelors - Non Pleated,B07P8X223X,X0022R2VHF,,New,Merchant,Polybagging,Merchant,2
UBC0171S60T00250190K01,Matte Black Graduation Cap Gown Tassel Set 2019 for Bachelors - Non Pleated,B07P7S68NY,X0022OD5NH,,New,Merchant,Polybagging,Merchant,16
UBC0171S60T01040000K01,Matte Black Graduation Cap Gown Tassel Set 2019 for Bachelors - Non Pleated,B07P6N4STL,X0022R26VB,,New,Merchant,Polybagging,Merchant,32
UBC0171S63T00060000K01,Matte Black Graduation Cap Gown Tassel Set 2019 for Bachelors - Non Pleated,B07P5PV18F,X0022P8M8T,,New,Merchant,Polybagging,Merchant,4
UBC0171S63T00170000K01,Matte Black Graduation Cap Gown Tassel Set 2019 for Bachelors - Non Pleated,B07P6N6MZ5,X0022OD2OJ,,New,Merchant,Polybagging,Merchant,6
UBC0171S63T00170310K01,Matte Black Graduation Cap Gown Tassel Set 2019 for Bachelors - Non Pleated,B07P9TNRS8,X0022OD587,,New,Merchant,Polybagging,Merchant,3
UBC0171S63T00190000K01,Matte Black Graduation Cap Gown Tassel Set 2019 for Bachelors - Non Pleated,B07P7S67XC,X0022P8HWZ,,New,Merchant,Polybagging,Merchant,9
UBC0171S63T00250190K01,Matte Black Graduation Cap Gown Tassel Set 2019 for Bachelors - Non Pleated,B07P9Y4S7Q,X0022NED6B,,New,Merchant,Polybagging,Merchant,6
UBC0171S63T01040000K01,Matte Black Graduation Cap Gown Tassel Set 2019 for Bachelors - Non Pleated,B07P5PW4Q7,X0022R2CB5,,New,Merchant,Polybagging,Merchant,11
UBC0173F39T00250190K01,Matte Black Graduation Cap Gown Tassel Set 2019 for Bachelors,B07P7S424S,X0022NEFEV,,New,Merchant,Polybagging,Merchant,1
UBC0173F42T00250190K01,Matte Black Graduation Cap Gown Tassel Set 2019 for Bachelors,B07P6N43RD,X0022Q6O3D,,New,Merchant,Polybagging,Merchant,1
UBC0173F45T00250190K01,Matte Black Graduation Cap Gown Tassel Set 2019 for Bachelors,B07P5PS7VH,X0022P8OYL,,New,Merchant,Polybagging,Merchant,6
UBC0173F48T00140000K01,Matte Black Graduation Cap Gown Tassel Set 2019 for Bachelors,B07P8WVGRS,X0022R2KF3,,New,Merchant,Polybagging,Merchant,2
UBC0173F48T00250190K01,Matte Black Graduation Cap Gown Tassel Set 2019 for Bachelors,B07P6N4B94,X0022R2KFN,,New,Merchant,Polybagging,Merchant,5
UBC0173F48T01040000K01,Matte Black Graduation Cap Gown Tassel Set 2019 for Bachelors,B07P7S384L,X0022P8LPN,,New,Merchant,Polybagging,Merchant,2
UBC0173F51T00140000K01,Matte Black Graduation Cap Gown Tassel Set 2019 for Bachelors,B07P6N4B93,X0022NEH8Z,,New,Merchant,Polybagging,Merchant,2
UBC0173F51T00250190K01,Matte Black Graduation Cap Gown Tassel Set 2019 for Bachelors,B07P7S3Y7D,X0022Q70VX,,New,Merchant,Polybagging,Merchant,6
UBC0173F51T01040000K01,Matte Black Graduation Cap Gown Tassel Set 2019 for Bachelors,B07P9X8MGQ,X0022NEH8P,,New,Merchant,Polybagging,Merchant,2
UBC0173F54T00140000K01,Matte Black Graduation Cap Gown Tassel Set 2019 for Bachelors,B07P6N43KY,X0022OD8LV,,New,Merchant,Polybagging,Merchant,2
UBC0173F54T00250190K01,Matte Black Graduation Cap Gown Tassel Set 2019 for Bachelors,B07P7S3SM3,X0022Q6O33,,New,Merchant,Polybagging,Merchant,4
UBC0173F57T00250190K01,Matte Black Graduation Cap Gown Tassel Set 2019 for Bachelors,B07P5PSNJN,X0022P8OY1,,New,Merchant,Polybagging,Merchant,4
UBC0173F60T00250190K01,Matte Black Graduation Cap Gown Tassel Set 2019 for Bachelors,B07P9VG68W,X0022S1UDP,,New,Merchant,Polybagging,Merchant,2
UBC0173F63T00250190K01,Matte Black Graduation Cap Gown Tassel Set 2019 for Bachelors,B07P6N486G,X0022NEGSV,,New,Merchant,Polybagging,Merchant,1
UBC0173S39T00140000K01,Matte Black Graduation Cap Gown Tassel Set 2019 for Bachelors,B07P5PSMZM,X0022OD7G7,,New,Merchant,Polybagging,Merchant,2
UBC0173S39T00250190K01,Matte Black Graduation Cap Gown Tassel Set 2019 for Bachelors,B07P7S3VN3,X0022R1O23,,New,Merchant,Polybagging,Merchant,5
UBC0173S42T00140000K01,Matte Black Graduation Cap Gown Tassel Set 2019 for Bachelors,B07P5PSPBB,X0022NEF05,,New,Merchant,Polybagging,Merchant,3
UBC0173S42T00250190K01,Matte Black Graduation Cap Gown Tassel Set 2019 for Bachelors,B07P7S2X7J,X0022Q6O2J,,New,Merchant,Polybagging,Merchant,9
UBC0173S42T01040000K01,Matte Black Graduation Cap Gown Tassel Set 2019 for Bachelors,B07P5PSW61,X0022Q7A6D,,New,Merchant,Polybagging,Merchant,2
UBC0173S45T00020000K01,Matte Black Graduation Cap Gown Tassel Set 2019 for Bachelors,B07P8X15S3,X0022NEEZV,,New,Merchant,Polybagging,Merchant,2
UBC0173S45T00140000K01,Matte Black Graduation Cap Gown Tassel Set 2019 for Bachelors,B07P9XHJT4,X0022NEFFP,,New,Merchant,Polybagging,Merchant,19
UBC0173S45T00150000K01,Matte Black Graduation Cap Gown Tassel Set 2019 for Bachelors,B07P9TK93R,X0022Q70W7,,New,Merchant,Polybagging,Merchant,2
UBC0173S45T00190000K01,Matte Black Graduation Cap Gown Tassel Set 2019 for Bachelors,B07P6N49QR,X0022S1UUX,,New,Merchant,Polybagging,Merchant,8
UBC0173S45T00250190K01,Matte Black Graduation Cap Gown Tassel Set 2019 for Bachelors,B07P8WZN89,X0022OD9UL,,New,Merchant,Polybagging,Merchant,52
UBC0173S45T00310000K01,Matte Black Graduation Cap Gown Tassel Set 2019 for Bachelors,B07P8WXTWS,X0022P8OYB,,New,Merchant,Polybagging,Merchant,7
UBC0173S45T01040000K01,Matte Black Graduation Cap Gown Tassel Set 2019 for Bachelors,B07P9VHYFL,X0022OD86V,,New,Merchant,Polybagging,Merchant,15
UBC0173S45T01110000K01,Matte Black Graduation Cap Gown Tassel Set 2019 for Bachelors,B07P9V81G4,X0022Q7BOJ,,New,Merchant,Polybagging,Merchant,2
UBC0173S48T00020000K01,Matte Black Graduation Cap Gown Tassel Set 2019 for Bachelors,B07P6N4B1J,X0022Q6O2T,,New,Merchant,Polybagging,Merchant,3
UBC0173S48T00140000K01,Matte Black Graduation Cap Gown Tassel Set 2019 for Bachelors,B07P5PSKM3,X0022NEFEB,,New,Merchant,Polybagging,Merchant,29
UBC0173S48T00150000K01,Matte Black Graduation Cap Gown Tassel Set 2019 for Bachelors,B07P8WZ3JC,X0022S1UCB,,New,Merchant,Polybagging,Merchant,2
UBC0173S48T00190000K01,Matte Black Graduation Cap Gown Tassel Set 2019 for Bachelors,B07P5PSNKT,X0022R1O2D,,New,Merchant,Polybagging,Merchant,12
UBC0173S48T00250190K01,Matte Black Graduation Cap Gown Tassel Set 2019 for Bachelors,B07P9WBV9L,X0022NEJFB,,New,Merchant,Polybagging,Merchant,83
UBC0173S48T00310000K01,Matte Black Graduation Cap Gown Tassel Set 2019 for Bachelors,B07P9XD81T,X0022NEG77,,New,Merchant,Polybagging,Merchant,11
UBC0173S48T01040000K01,Matte Black Graduation Cap Gown Tassel Set 2019 for Bachelors,B07P5PSNKS,X0022NEG63,,New,Merchant,Polybagging,Merchant,24
UBC0173S48T01110000K01,Matte Black Graduation Cap Gown Tassel Set 2019 for Bachelors,B07P5PSS6Q,X0022S1UCL,,New,Merchant,Polybagging,Merchant,3
UBC0173S51T00020000K01,Matte Black Graduation Cap Gown Tassel Set 2019 for Bachelors,B07P5PSXT7,X0022P8J6T,,New,Merchant,Polybagging,Merchant,3
UBC0173S51T00140000K01,Matte Black Graduation Cap Gown Tassel Set 2019 for Bachelors,B07P8WNNJF,X0022NEJ8D,,New,Merchant,Polybagging,Merchant,30
UBC0173S51T00150000K01,Matte Black Graduation Cap Gown Tassel Set 2019 for Bachelors,B07P9THJZT,X0022S1UC1,,New,Merchant,Polybagging,Merchant,2
UBC0173S51T00190000K01,Matte Black Graduation Cap Gown Tassel Set 2019 for Bachelors,B07P5PRZJ9,X0022OD9UV,,New,Merchant,Polybagging,Merchant,12
UBC0173S51T00250190K01,Matte Black Graduation Cap Gown Tassel Set 2019 for Bachelors,B07P7S3L85,X0022NEJ8N,,New,Merchant,Polybagging,Merchant,87
UBC0173S51T00310000K01,Matte Black Graduation Cap Gown Tassel Set 2019 for Bachelors,B07P6N472Z,X0022OD7XF,,New,Merchant,Polybagging,Merchant,12
UBC0173S51T01040000K01,Matte Black Graduation Cap Gown Tassel Set 2019 for Bachelors,B07P9VNGKR,X0022S1UCV,,New,Merchant,Polybagging,Merchant,24
UBC0173S51T01110000K01,Matte Black Graduation Cap Gown Tassel Set 2019 for Bachelors,B07P5PSKFS,X0022ODA6J,,New,Merchant,Polybagging,Merchant,3
UBC0173S54T00020000K01,Matte Black Graduation Cap Gown Tassel Set 2019 for Bachelors,B07P9SSK48,X0022NEG6N,,New,Merchant,Polybagging,Merchant,2
UBC0173S54T00140000K01,Matte Black Graduation Cap Gown Tassel Set 2019 for Bachelors,B07P5PSJ86,X0022NEG6D,,New,Merchant,Polybagging,Merchant,20
UBC0173S54T00150000K01,Matte Black Graduation Cap Gown Tassel Set 2019 for Bachelors,B07P7S3TJ3,X0022R1OOB,,New,Merchant,Polybagging,Merchant,2
UBC0173S54T00190000K01,Matte Black Graduation Cap Gown Tassel Set 2019 for Bachelors,B07P9TNLVN,X0022P8LP3,,New,Merchant,Polybagging,Merchant,8
UBC0173S54T00250190K01,Matte Black Graduation Cap Gown Tassel Set 2019 for Bachelors,B07P8WWN9G,X0022R2KEJ,,New,Merchant,Polybagging,Merchant,56
UBC0173S54T00310000K01,Matte Black Graduation Cap Gown Tassel Set 2019 for Bachelors,B07P6N428G,X0022P8J73,,New,Merchant,Polybagging,Merchant,8
UBC0173S54T01040000K01,Matte Black Graduation Cap Gown Tassel Set 2019 for Bachelors,B07P8WZYF4,X0022S1UD5,,New,Merchant,Polybagging,Merchant,16
UBC0173S54T01110000K01,Matte Black Graduation Cap Gown Tassel Set 2019 for Bachelors,B07P6N441X,X0022S1UBR,,New,Merchant,Polybagging,Merchant,2
UBC0173S57T00140000K01,Matte Black Graduation Cap Gown Tassel Set 2019 for Bachelors,B07P8VVF1F,X0022P1EDT,,New,Merchant,Polybagging,Merchant,11
UBC0173S57T00190000K01,Matte Black Graduation Cap Gown Tassel Set 2019 for Bachelors,B07P7S3WNM,X0022OD889,,New,Merchant,Polybagging,Merchant,5
UBC0173S57T00250190K01,Matte Black Graduation Cap Gown Tassel Set 2019 for Bachelors,B07P7S3SM2,X0022OD7YJ,,New,Merchant,Polybagging,Merchant,31
UBC0173S57T00310000K01,Matte Black Graduation Cap Gown Tassel Set 2019 for Bachelors,B07P8WZDFR,X0022Q6TYH,,New,Merchant,Polybagging,Merchant,4
UBC0173S57T01040000K01,Matte Black Graduation Cap Gown Tassel Set 2019 for Bachelors,B07P8WZQWN,X0022P8LOJ,,New,Merchant,Polybagging,Merchant,9
UBC0173S60T00140000K01,Matte Black Graduation Cap Gown Tassel Set 2019 for Bachelors,B07P5PSQJP,X0022R1O2X,,New,Merchant,Polybagging,Merchant,4
UBC0173S60T00190000K01,Matte Black Graduation Cap Gown Tassel Set 2019 for Bachelors,B07P5PSSDQ,X0022R1O3H,,New,Merchant,Polybagging,Merchant,2
UBC0173S60T00250190K01,Matte Black Graduation Cap Gown Tassel Set 2019 for Bachelors,B07P9WTN45,X0022NEFF5,,New,Merchant,Polybagging,Merchant,9
UBC0173S60T00310000K01,Matte Black Graduation Cap Gown Tassel Set 2019 for Bachelors,B07P8WVPS8,X0022P8OYV,,New,Merchant,Polybagging,Merchant,2
UBC0173S60T01040000K01,Matte Black Graduation Cap Gown Tassel Set 2019 for Bachelors,B07P9ZNTZC,X0022Q774N,,New,Merchant,Polybagging,Merchant,3
UBC0173S63T00140000K01,Matte Black Graduation Cap Gown Tassel Set 2019 for Bachelors,B07P5PSV17,X0022NEG6X,,New,Merchant,Polybagging,Merchant,2
UBC0173S63T00250190K01,Matte Black Graduation Cap Gown Tassel Set 2019 for Bachelors,B07P7S3R2T,X0022R2XLJ,,New,Merchant,Polybagging,Merchant,5
UMC0171F39T00250190K01,Matte Black Graduation Cap Gown Tassel Set 2019 for Masters - Non Pleated,B07P9WVJDQ,X0022R2IUZ,,New,Merchant,Polybagging,Merchant,1
UMC0171F42T00250190K01,Matte Black Graduation Cap Gown Tassel Set 2019 for Masters - Non Pleated,B07P6N8NCK,X0022OD0UF,,New,Merchant,Polybagging,Merchant,1
UMC0171F45T00250190K01,Matte Black Graduation Cap Gown Tassel Set 2019 for Masters - Non Pleated,B07P7S8LDR,X0022NE86V,,New,Merchant,Polybagging,Merchant,1
UMC0171F48T00250190K01,Matte Black Graduation Cap Gown Tassel Set 2019 for Masters - Non Pleated,B07P5PXXMQ,X0022Q6KX7,,New,Merchant,Polybagging,Merchant,1
UMC0171F51T00250190K01,Matte Black Graduation Cap Gown Tassel Set 2019 for Masters - Non Pleated,B07P5PXRWX,X0022R2625,,New,Merchant,Polybagging,Merchant,1
UMC0171F54T00250190K01,Matte Black Graduation Cap Gown Tassel Set 2019 for Masters - Non Pleated,B07PB1Z936,X0022NE8OX,,New,Merchant,Polybagging,Merchant,1
UMC0171F57T00250190K01,Matte Black Graduation Cap Gown Tassel Set 2019 for Masters - Non Pleated,B07P9TKVJY,X0022OD0C3,,New,Merchant,Polybagging,Merchant,1
UMC0171F60T00250190K01,Matte Black Graduation Cap Gown Tassel Set 2019 for Masters - Non Pleated,B07P5PXL95,X0022Q733D,,New,Merchant,Polybagging,Merchant,2
UMC0171F63T00250190K01,Matte Black Graduation Cap Gown Tassel Set 2019 for Masters - Non Pleated,B07P9T47MT,X0022NE8PH,,New,Merchant,Polybagging,Merchant,1
UMC0171S39T00250190K01,Matte Black Graduation Cap Gown Tassel Set 2019 for Masters - Non Pleated,B07P5PXTC2,X0022P8B0X,,New,Merchant,Polybagging,Merchant,1
UMC0171S42T00250190K01,Matte Black Graduation Cap Gown Tassel Set 2019 for Masters - Non Pleated,B07P8WRSJJ,X0022OD00F,,New,Merchant,Polybagging,Merchant,1
UMC0171S45T00250190K01,Matte Black Graduation Cap Gown Tassel Set 2019 for Masters - Non Pleated,B07P7S7R65,X0022P8IOH,,New,Merchant,Polybagging,Merchant,4
UMC0171S48T00170000K01,Matte Black Graduation Cap Gown Tassel Set 2019 for Masters - Non Pleated,B07P8X4B6B,X0022Q6LBX,,New,Merchant,Polybagging,Merchant,2
UMC0171S48T00250190K01,Matte Black Graduation Cap Gown Tassel Set 2019 for Masters - Non Pleated,B07P5N7MFC,X0022NE86L,,New,Merchant,Polybagging,Merchant,5
UMC0171S51T00170000K01,Matte Black Graduation Cap Gown Tassel Set 2019 for Masters - Non Pleated,B07P5PX8DC,X0022NE8P7,,New,Merchant,Polybagging,Merchant,2
UMC0171S51T00250190K01,Matte Black Graduation Cap Gown Tassel Set 2019 for Masters - Non Pleated,B07P8WLCW7,X0022NE86B,,New,Merchant,Polybagging,Merchant,5
UMC0171S54T00250190K01,Matte Black Graduation Cap Gown Tassel Set 2019 for Masters - Non Pleated,B07P7QC4NN,X0022OD005,,New,Merchant,Polybagging,Merchant,5
UMC0171S57T00250190K01,Matte Black Graduation Cap Gown Tassel Set 2019 for Masters - Non Pleated,B07P9TSG95,X0022OCZ6P,,New,Merchant,Polybagging,Merchant,3
UMC0171S60T00250190K01,Matte Black Graduation Cap Gown Tassel Set 2019 for Masters - Non Pleated,B07P9VBVXP,X0022OD1BX,,New,Merchant,Polybagging,Merchant,1
UMC0171S63T00250190K01,Matte Black Graduation Cap Gown Tassel Set 2019 for Masters - Non Pleated,B07P9WLF9N,X0022Q6LC7,,New,Merchant,Polybagging,Merchant,1
UMC0173F39T00250190K01,Matte Black Graduation Cap Gown Tassel Set 2019 for Masters,B07P9V3PSP,X0022R26H5,,New,Merchant,Polybagging,Merchant,1
UMC0173F42T00250190K01,Matte Black Graduation Cap Gown Tassel Set 2019 for Masters,B07P9WK249,X0022P8B1R,,New,Merchant,Polybagging,Merchant,1
UMC0173F45T00250190K01,Matte Black Graduation Cap Gown Tassel Set 2019 for Masters,B07P8W8L5B,X0022P8JUP,,New,Merchant,Polybagging,Merchant,1
UMC0173F48T00250190K01,Matte Black Graduation Cap Gown Tassel Set 2019 for Masters,B07P9WVF76,X0022NE93D,,New,Merchant,Polybagging,Merchant,1
UMC0173F51T00250190K01,Matte Black Graduation Cap Gown Tassel Set 2019 for Masters,B07P8X3NGJ,X0022NE9M9,,New,Merchant,Polybagging,Merchant,2
UMC0173F54T00250190K01,Matte Black Graduation Cap Gown Tassel Set 2019 for Masters,B07P9X2LB6,X0022P8B17,,New,Merchant,Polybagging,Merchant,1
UMC0173F57T00250190K01,Matte Black Graduation Cap Gown Tassel Set 2019 for Masters,B07P9VLXZZ,X0022OD1I1,,New,Merchant,Polybagging,Merchant,1
UMC0173F60T00250190K01,Matte Black Graduation Cap Gown Tassel Set 2019 for Masters,B07P8X3RLG,X0022R2V0R,,New,Merchant,Polybagging,Merchant,1
UMC0173F63T00250190K01,Matte Black Graduation Cap Gown Tassel Set 2019 for Masters,B07P8X34G5,X0022OD1BN,,New,Merchant,Polybagging,Merchant,1
UMC0173S39T00250190K01,Matte Black Graduation Cap Gown Tassel Set 2019 for Masters,B07P8X2988,X0022R2UNZ,,New,Merchant,Polybagging,Merchant,1
UMC0173S42T00250190K01,Matte Black Graduation Cap Gown Tassel Set 2019 for Masters,B07P5PW578,X0022NE933,,New,Merchant,Polybagging,Merchant,2
UMC0173S45T00170000K01,Matte Black Graduation Cap Gown Tassel Set 2019 for Masters,B07P7S6PH5,X0022R2V1B,,New,Merchant,Polybagging,Merchant,7
UMC0173S45T00250190K01,Matte Black Graduation Cap Gown Tassel Set 2019 for Masters,B07P9XFD6H,X0022P8JUF,,New,Merchant,Polybagging,Merchant,4
UMC0173S48T00170000K01,Matte Black Graduation Cap Gown Tassel Set 2019 for Masters,B07P6N6YV4,X0022NE9MJ,,New,Merchant,Polybagging,Merchant,11
UMC0173S48T00250190K01,Matte Black Graduation Cap Gown Tassel Set 2019 for Masters,B07P8X2HRV,X0022Q6LBN,,New,Merchant,Polybagging,Merchant,5
UMC0173S51T00170000K01,Matte Black Graduation Cap Gown Tassel Set 2019 for Masters,B07P5PW8MY,X0022OD1HR,,New,Merchant,Polybagging,Merchant,10
UMC0173S51T00250190K01,Matte Black Graduation Cap Gown Tassel Set 2019 for Masters,B07P7S6KVR,X0022R26GV,,New,Merchant,Polybagging,Merchant,7
UMC0173S54T00170000K01,Matte Black Graduation Cap Gown Tassel Set 2019 for Masters,B07P9VY28S,X0022P8JU5,,New,Merchant,Polybagging,Merchant,11
UMC0173S54T00250190K01,Matte Black Graduation Cap Gown Tassel Set 2019 for Masters,B07P5PWCXD,X0022Q6YRT,,New,Merchant,Polybagging,Merchant,4
UMC0173S57T00170000K01,Matte Black Graduation Cap Gown Tassel Set 2019 for Masters,B07P5PW1B8,X0022Q7347,,New,Merchant,Polybagging,Merchant,4
UMC0173S57T00250190K01,Matte Black Graduation Cap Gown Tassel Set 2019 for Masters,B07P6N6SN2,X0022Q6LBD,,New,Merchant,Polybagging,Merchant,2
UMC0173S60T00170000K01,Matte Black Graduation Cap Gown Tassel Set 2019 for Masters,B07P6N4ZZ7,X0022R2V11,,New,Merchant,Polybagging,Merchant,2
UMC0173S63T00250190K01,Matte Black Graduation Cap Gown Tassel Set 2019 for Masters,B07P6N6LBM,X0022Q733X,,New,Merchant,Polybagging,Merchant,1
