GradStreet 2019 Manufacturing Order:,,,,,,,,
PACKING GUIDE v8,,,,,,,,
"Shaoxing Phoebee Garment Co., Ltd.",,,,,,,,
* partially full box,,,,,,Barcode SKU,,
BOX NUMBER,Quantity,Bundle Item 1,Bundle Item 2,Bundle Item 3,GradStreet SKU,FNSKU,Packaging,Labels
1,2,"Bachelors Gown+Cap, Black, Matte NO pleats, Full Fit, size 39","Tassel, color 104",ALL YEAR TAGS,UBC0171F39T01040000K01,X0022S1TDB,Poly bag,"Brand, Suffocation, Sold as Set, FNSKU"
1,6,"Bachelors Gown+Cap, Black, Matte NO pleats, Full Fit, size 42","Tassel, color 104",ALL YEAR TAGS,UBC0171F42T01040000K01,X0022S1UNP,Poly bag,"Brand, Suffocation, Sold as Set, FNSKU"
1,4,"Bachelors Gown+Cap, Black, Matte NO pleats, Full Fit, size 45","Tassel, color 006",ALL YEAR TAGS,UBC0171F45T00060000K01,X0022P8MIJ,Poly bag,"Brand, Suffocation, Sold as Set, FNSKU"
1,5,"Bachelors Gown+Cap, Black, Matte NO pleats, Full Fit, size 45","Tassel, color 017",ALL YEAR TAGS,UBC0171F45T00170000K01,X0022OD29T,Poly bag,"Brand, Suffocation, Sold as Set, FNSKU"
1,2,"Bachelors Gown+Cap, Black, Matte NO pleats, Full Fit, size 45","Tassel, color 017+031",ALL YEAR TAGS,UBC0171F45T00170310K01,X0022NE9LP,Poly bag,"Brand, Suffocation, Sold as Set, FNSKU"
1,6,"Bachelors Gown+Cap, Black, Matte NO pleats, Full Fit, size 45","Tassel, color 019",ALL YEAR TAGS,UBC0171F45T00190000K01,X0022NEC8Z,Poly bag,"Brand, Suffocation, Sold as Set, FNSKU"
2,2,"Bachelors Gown+Cap, Black, Matte NO pleats, Full Fit, size 45","Tassel, color 019",ALL YEAR TAGS,UBC0171F45T00190000K01,X0022NEC8Z,Poly bag,"Brand, Suffocation, Sold as Set, FNSKU"
2,5,"Bachelors Gown+Cap, Black, Matte NO pleats, Full Fit, size 45","Tassel, color 025+019",ALL YEAR TAGS,UBC0171F45T00250190K01,X0022P8KG3,Poly bag,"Brand, Suffocation, Sold as Set, FNSKU"
2,9,"Bachelors Gown+Cap, Black, Matte NO pleats, Full Fit, size 45","Tassel, color 104",ALL YEAR TAGS,UBC0171F45T01040000K01,X0022P8J0P,Poly bag,"Brand, Suffocation, Sold as Set, FNSKU"
2,5,"Bachelors Gown+Cap, Black, Matte NO pleats, Full Fit, size 48","Tassel, color 006",ALL YEAR TAGS,UBC0171F48T00060000K01,X0022P8829,Poly bag,"Brand, Suffocation, Sold as Set, FNSKU"
2,4,"Bachelors Gown+Cap, Black, Matte NO pleats, Full Fit, size 48","Tassel, color 017",ALL YEAR TAGS,UBC0171F48T00170000K01,X0022NEDCF,Poly bag,"Brand, Suffocation, Sold as Set, FNSKU"
3,4,"Bachelors Gown+Cap, Black, Matte NO pleats, Full Fit, size 48","Tassel, color 017",ALL YEAR TAGS,UBC0171F48T00170000K01,X0022NEDCF,Poly bag,"Brand, Suffocation, Sold as Set, FNSKU"
3,4,"Bachelors Gown+Cap, Black, Matte NO pleats, Full Fit, size 48","Tassel, color 017+031",ALL YEAR TAGS,UBC0171F48T00170310K01,X0022NEC8P,Poly bag,"Brand, Suffocation, Sold as Set, FNSKU"
3,12,"Bachelors Gown+Cap, Black, Matte NO pleats, Full Fit, size 48","Tassel, color 019",ALL YEAR TAGS,UBC0171F48T00190000K01,X0022R26UR,Poly bag,"Brand, Suffocation, Sold as Set, FNSKU"
3,5,"Bachelors Gown+Cap, Black, Matte NO pleats, Full Fit, size 48","Tassel, color 025+019",ALL YEAR TAGS,UBC0171F48T00250190K01,X0022OD5M3,Poly bag,"Brand, Suffocation, Sold as Set, FNSKU"
4,2,"Bachelors Gown+Cap, Black, Matte NO pleats, Full Fit, size 48","Tassel, color 025+019",ALL YEAR TAGS,UBC0171F48T00250190K01,X0022OD5M3,Poly bag,"Brand, Suffocation, Sold as Set, FNSKU"
4,14,"Bachelors Gown+Cap, Black, Matte NO pleats, Full Fit, size 48","Tassel, color 104",ALL YEAR TAGS,UBC0171F48T01040000K01,X0022R2CBP,Poly bag,"Brand, Suffocation, Sold as Set, FNSKU"
4,5,"Bachelors Gown+Cap, Black, Matte NO pleats, Full Fit, size 51","Tassel, color 006",ALL YEAR TAGS,UBC0171F51T00060000K01,X0022Q7275,Poly bag,"Brand, Suffocation, Sold as Set, FNSKU"
4,4,"Bachelors Gown+Cap, Black, Matte NO pleats, Full Fit, size 51","Tassel, color 017",ALL YEAR TAGS,UBC0171F51T00170000K01,X0022OD2AD,Poly bag,"Brand, Suffocation, Sold as Set, FNSKU"
5,4,"Bachelors Gown+Cap, Black, Matte NO pleats, Full Fit, size 51","Tassel, color 017",ALL YEAR TAGS,UBC0171F51T00170000K01,X0022OD2AD,Poly bag,"Brand, Suffocation, Sold as Set, FNSKU"
5,4,"Bachelors Gown+Cap, Black, Matte NO pleats, Full Fit, size 51","Tassel, color 017+031",ALL YEAR TAGS,UBC0171F51T00170310K01,X0022NED6V,Poly bag,"Brand, Suffocation, Sold as Set, FNSKU"
5,13,"Bachelors Gown+Cap, Black, Matte NO pleats, Full Fit, size 51","Tassel, color 019",ALL YEAR TAGS,UBC0171F51T00190000K01,X0022NEDST,Poly bag,"Brand, Suffocation, Sold as Set, FNSKU"
5,4,"Bachelors Gown+Cap, Black, Matte NO pleats, Full Fit, size 51","Tassel, color 025+019",ALL YEAR TAGS,UBC0171F51T00250190K01,X0022S1UOJ,Poly bag,"Brand, Suffocation, Sold as Set, FNSKU"
6,4,"Bachelors Gown+Cap, Black, Matte NO pleats, Full Fit, size 51","Tassel, color 025+019",ALL YEAR TAGS,UBC0171F51T00250190K01,X0022S1UOJ,Poly bag,"Brand, Suffocation, Sold as Set, FNSKU"
6,15,"Bachelors Gown+Cap, Black, Matte NO pleats, Full Fit, size 51","Tassel, color 104",ALL YEAR TAGS,UBC0171F51T01040000K01,X0022OD2OT,Poly bag,"Brand, Suffocation, Sold as Set, FNSKU"
6,4,"Bachelors Gown+Cap, Black, Matte NO pleats, Full Fit, size 54","Tassel, color 006",ALL YEAR TAGS,UBC0171F54T00060000K01,X0022S1UP3,Poly bag,"Brand, Suffocation, Sold as Set, FNSKU"
6,2,"Bachelors Gown+Cap, Black, Matte NO pleats, Full Fit, size 54","Tassel, color 017",ALL YEAR TAGS,UBC0171F54T00170000K01,X0022OD2NZ,Poly bag,"Brand, Suffocation, Sold as Set, FNSKU"
7,4,"Bachelors Gown+Cap, Black, Matte NO pleats, Full Fit, size 54","Tassel, color 017",ALL YEAR TAGS,UBC0171F54T00170000K01,X0022OD2NZ,Poly bag,"Brand, Suffocation, Sold as Set, FNSKU"
7,3,"Bachelors Gown+Cap, Black, Matte NO pleats, Full Fit, size 54","Tassel, color 017+031",ALL YEAR TAGS,UBC0171F54T00170310K01,X0022NEDB1,Poly bag,"Brand, Suffocation, Sold as Set, FNSKU"
7,8,"Bachelors Gown+Cap, Black, Matte NO pleats, Full Fit, size 54","Tassel, color 019",ALL YEAR TAGS,UBC0171F54T00190000K01,X0022NED7F,Poly bag,"Brand, Suffocation, Sold as Set, FNSKU"
7,5,"Bachelors Gown+Cap, Black, Matte NO pleats, Full Fit, size 54","Tassel, color 025+019",ALL YEAR TAGS,UBC0171F54T00250190K01,X0022Q727F,Poly bag,"Brand, Suffocation, Sold as Set, FNSKU"
7,5,"Bachelors Gown+Cap, Black, Matte NO pleats, Full Fit, size 54","Tassel, color 104",ALL YEAR TAGS,UBC0171F54T01040000K01,X0022NEDC5,Poly bag,"Brand, Suffocation, Sold as Set, FNSKU"
8,5,"Bachelors Gown+Cap, Black, Matte NO pleats, Full Fit, size 54","Tassel, color 104",ALL YEAR TAGS,UBC0171F54T01040000K01,X0022NEDC5,Poly bag,"Brand, Suffocation, Sold as Set, FNSKU"
8,2,"Bachelors Gown+Cap, Black, Matte NO pleats, Full Fit, size 57","Tassel, color 006",ALL YEAR TAGS,UBC0171F57T00060000K01,X0022P8K8B,Poly bag,"Brand, Suffocation, Sold as Set, FNSKU"
8,3,"Bachelors Gown+Cap, Black, Matte NO pleats, Full Fit, size 57","Tassel, color 017",ALL YEAR TAGS,UBC0171F57T00170000K01,X0022OD2XF,Poly bag,"Brand, Suffocation, Sold as Set, FNSKU"
8,2,"Bachelors Gown+Cap, Black, Matte NO pleats, Full Fit, size 57","Tassel, color 017+031",ALL YEAR TAGS,UBC0171F57T00170310K01,X0022OD5MD,Poly bag,"Brand, Suffocation, Sold as Set, FNSKU"
8,5,"Bachelors Gown+Cap, Black, Matte NO pleats, Full Fit, size 57","Tassel, color 019",ALL YEAR TAGS,UBC0171F57T00190000K01,X0022P8KFJ,Poly bag,"Brand, Suffocation, Sold as Set, FNSKU"
8,3,"Bachelors Gown+Cap, Black, Matte NO pleats, Full Fit, size 57","Tassel, color 025+019",ALL YEAR TAGS,UBC0171F57T00250190K01,X0022Q73UB,Poly bag,"Brand, Suffocation, Sold as Set, FNSKU"
8,5,"Bachelors Gown+Cap, Black, Matte NO pleats, Full Fit, size 57","Tassel, color 104",ALL YEAR TAGS,UBC0171F57T01040000K01,X0022Q72CZ,Poly bag,"Brand, Suffocation, Sold as Set, FNSKU"
9,2,"Bachelors Gown+Cap, Black, Matte NO pleats, Full Fit, size 60","Tassel, color 019",ALL YEAR TAGS,UBC0171F60T00190000K01,X0022NED75,Poly bag,"Brand, Suffocation, Sold as Set, FNSKU"
9,4,"Bachelors Gown+Cap, Black, Matte NO pleats, Full Fit, size 60","Tassel, color 104",ALL YEAR TAGS,UBC0171F60T01040000K01,X0022OD5MN,Poly bag,"Brand, Suffocation, Sold as Set, FNSKU"
9,2,"Bachelors Gown+Cap, Black, Matte NO pleats, Full fit, size 63","Tassel, color 104",ALL YEAR TAGS,UBC0171F63T01040000K01,X0022OD68V,Poly bag,"Brand, Suffocation, Sold as Set, FNSKU"
,,,,,,,,
9,4,"Bachelors Gown+Cap, Black, Matte NO pleats, Standard Fit, size 39","Tassel, color 006",ALL YEAR TAGS,UBC0171S39T00060000K01,X0022R2VH5,Poly bag,"Brand, Suffocation, Sold as Set, FNSKU"
9,6,"Bachelors Gown+Cap, Black, Matte NO pleats, Standard Fit, size 39","Tassel, color 017",ALL YEAR TAGS,UBC0171S39T00170000K01,X0022NEDS9,Poly bag,"Brand, Suffocation, Sold as Set, FNSKU"
9,3,"Bachelors Gown+Cap, Black, Matte NO pleats, Standard Fit, size 39","Tassel, color 017+031",ALL YEAR TAGS,UBC0171S39T00170310K01,X0022Q7743,Poly bag,"Brand, Suffocation, Sold as Set, FNSKU"
9,4,"Bachelors Gown+Cap, Black, Matte NO pleats, Standard Fit, size 39","Tassel, color 019",ALL YEAR TAGS,UBC0171S39T00190000K01,X0022S1UOT,Poly bag,"Brand, Suffocation, Sold as Set, FNSKU"
10,5,"Bachelors Gown+Cap, Black, Matte NO pleats, Standard Fit, size 39","Tassel, color 019",ALL YEAR TAGS,UBC0171S39T00190000K01,X0022S1UOT,Poly bag,"Brand, Suffocation, Sold as Set, FNSKU"
10,6,"Bachelors Gown+Cap, Black, Matte NO pleats, Standard Fit, size 39","Tassel, color 025+019",ALL YEAR TAGS,UBC0171S39T00250190K01,X0022P8J0F,Poly bag,"Brand, Suffocation, Sold as Set, FNSKU"
10,11,"Bachelors Gown+Cap, Black, Matte NO pleats, Standard Fit, size 39","Tassel, color 104",ALL YEAR TAGS,UBC0171S39T01040000K01,X0022P8J0Z,Poly bag,"Brand, Suffocation, Sold as Set, FNSKU"
10,3,"Bachelors Gown+Cap, Black, Matte NO pleats, Standard Fit, size 42","Tassel, color 006",ALL YEAR TAGS,UBC0171S42T00060000K01,X0022NE9LZ,Poly bag,"Brand, Suffocation, Sold as Set, FNSKU"
11,5,"Bachelors Gown+Cap, Black, Matte NO pleats, Standard Fit, size 42","Tassel, color 006",ALL YEAR TAGS,UBC0171S42T00060000K01,X0022NE9LZ,Poly bag,"Brand, Suffocation, Sold as Set, FNSKU"
11,12,"Bachelors Gown+Cap, Black, Matte NO pleats, Standard Fit, size 42","Tassel, color 017",ALL YEAR TAGS,UBC0171S42T00170000K01,X0022S1TD1,Poly bag,"Brand, Suffocation, Sold as Set, FNSKU"
11,5,"Bachelors Gown+Cap, Black, Matte NO pleats, Standard Fit, size 42","Tassel, color 017+031",ALL YEAR TAGS,UBC0171S42T00170310K01,X0022Q774D,Poly bag,"Brand, Suffocation, Sold as Set, FNSKU"
11,3,"Bachelors Gown+Cap, Black, Matte NO pleats, Standard Fit, size 42","Tassel, color 019",ALL YEAR TAGS,UBC0171S42T00190000K01,X0022P8HWF,Poly bag,"Brand, Suffocation, Sold as Set, FNSKU"
12,5,"Bachelors Gown+Cap, Black, Matte NO pleats, Standard Fit, size 42","Tassel, color 019",ALL YEAR TAGS,UBC0171S42T00190000K01,X0022P8HWF,Poly bag,"Brand, Suffocation, Sold as Set, FNSKU"
12,11,"Bachelors Gown+Cap, Black, Matte NO pleats, Standard Fit, size 42","Tassel, color 025+019",ALL YEAR TAGS,UBC0171S42T00250190K01,X0022P881Z,Poly bag,"Brand, Suffocation, Sold as Set, FNSKU"
12,9,"Bachelors Gown+Cap, Black, Matte NO pleats, Standard Fit, size 42","Tassel, color 104",ALL YEAR TAGS,UBC0171S42T01040000K01,X0022OD69F,Poly bag,"Brand, Suffocation, Sold as Set, FNSKU"
13,13,"Bachelors Gown+Cap, Black, Matte NO pleats, Standard Fit, size 42","Tassel, color 104",ALL YEAR TAGS,UBC0171S42T01040000K01,X0022OD69F,Poly bag,"Brand, Suffocation, Sold as Set, FNSKU"
13,12,"Bachelors Gown+Cap, Black, Matte NO pleats, Standard Fit, size 45","Tassel, color 006",ALL YEAR TAGS,UBC0171S45T00060000K01,X0022NEDTD,Poly bag,"Brand, Suffocation, Sold as Set, FNSKU"
14,25,"Bachelors Gown+Cap, Black, Matte NO pleats, Standard Fit, size 45","Tassel, color 006",ALL YEAR TAGS,UBC0171S45T00060000K01,X0022NEDTD,Poly bag,"Brand, Suffocation, Sold as Set, FNSKU"
15,21,"Bachelors Gown+Cap, Black, Matte NO pleats, Standard Fit, size 45","Tassel, color 006",ALL YEAR TAGS,UBC0171S45T00060000K01,X0022NEDTD,Poly bag,"Brand, Suffocation, Sold as Set, FNSKU"
15,4,"Bachelors Gown+Cap, Black, Matte NO pleats, Standard Fit, size 45","Tassel, color 017",ALL YEAR TAGS,UBC0171S45T00170000K01,X0022P8EAZ,Poly bag,"Brand, Suffocation, Sold as Set, FNSKU"
16,25,"Bachelors Gown+Cap, Black, Matte NO pleats, Standard Fit, size 45","Tassel, color 017",ALL YEAR TAGS,UBC0171S45T00170000K01,X0022P8EAZ,Poly bag,"Brand, Suffocation, Sold as Set, FNSKU"
17,25,"Bachelors Gown+Cap, Black, Matte NO pleats, Standard Fit, size 45","Tassel, color 017",ALL YEAR TAGS,UBC0171S45T00170000K01,X0022P8EAZ,Poly bag,"Brand, Suffocation, Sold as Set, FNSKU"
18,25,"Bachelors Gown+Cap, Black, Matte NO pleats, Standard Fit, size 45","Tassel, color 017",ALL YEAR TAGS,UBC0171S45T00170000K01,X0022P8EAZ,Poly bag,"Brand, Suffocation, Sold as Set, FNSKU"
19,13,"Bachelors Gown+Cap, Black, Matte NO pleats, Standard Fit, size 45","Tassel, color 017",ALL YEAR TAGS,UBC0171S45T00170000K01,X0022P8EAZ,Poly bag,"Brand, Suffocation, Sold as Set, FNSKU"
19,12,"Bachelors Gown+Cap, Black, Matte NO pleats, Standard Fit, size 45","Tassel, color 017+031",ALL YEAR TAGS,UBC0171S45T00170310K01,X0022OD69P,Poly bag,"Brand, Suffocation, Sold as Set, FNSKU"
20,25,"Bachelors Gown+Cap, Black, Matte NO pleats, Standard Fit, size 45","Tassel, color 017+031",ALL YEAR TAGS,UBC0171S45T00170310K01,X0022OD69P,Poly bag,"Brand, Suffocation, Sold as Set, FNSKU"
21,1,"Bachelors Gown+Cap, Black, Matte NO pleats, Standard Fit, size 45","Tassel, color 017+031",ALL YEAR TAGS,UBC0171S45T00170310K01,X0022OD69P,Poly bag,"Brand, Suffocation, Sold as Set, FNSKU"
21,24,"Bachelors Gown+Cap, Black, Matte NO pleats, Standard Fit, size 45","Tassel, color 019",ALL YEAR TAGS,UBC0171S45T00190000K01,X0022S1TCR,Poly bag,"Brand, Suffocation, Sold as Set, FNSKU"
22,25,"Bachelors Gown+Cap, Black, Matte NO pleats, Standard Fit, size 45","Tassel, color 019",ALL YEAR TAGS,UBC0171S45T00190000K01,X0022S1TCR,Poly bag,"Brand, Suffocation, Sold as Set, FNSKU"
23,25,"Bachelors Gown+Cap, Black, Matte NO pleats, Standard Fit, size 45","Tassel, color 019",ALL YEAR TAGS,UBC0171S45T00190000K01,X0022S1TCR,Poly bag,"Brand, Suffocation, Sold as Set, FNSKU"
24,25,"Bachelors Gown+Cap, Black, Matte NO pleats, Standard Fit, size 45","Tassel, color 019",ALL YEAR TAGS,UBC0171S45T00190000K01,X0022S1TCR,Poly bag,"Brand, Suffocation, Sold as Set, FNSKU"
25,16,"Bachelors Gown+Cap, Black, Matte NO pleats, Standard Fit, size 45","Tassel, color 019",ALL YEAR TAGS,UBC0171S45T00190000K01,X0022S1TCR,Poly bag,"Brand, Suffocation, Sold as Set, FNSKU"
25,8,"Bachelors Gown+Cap, Black, Matte NO pleats, Standard Fit, size 45","Tassel, color 020",ALL YEAR TAGS,UBC0171S45T00200000K01,X0022NED7P,Poly bag,"Brand, Suffocation, Sold as Set, FNSKU"
25,1,"Bachelors Gown+Cap, Black, Matte NO pleats, Standard Fit, size 45","Tassel, color 025+019",ALL YEAR TAGS,UBC0171S45T00250190K01,X0022P8MJN,Poly bag,"Brand, Suffocation, Sold as Set, FNSKU"
26,25,"Bachelors Gown+Cap, Black, Matte NO pleats, Standard Fit, size 45","Tassel, color 025+019",ALL YEAR TAGS,UBC0171S45T00250190K01,X0022P8MJN,Poly bag,"Brand, Suffocation, Sold as Set, FNSKU"
27,25,"Bachelors Gown+Cap, Black, Matte NO pleats, Standard Fit, size 45","Tassel, color 025+019",ALL YEAR TAGS,UBC0171S45T00250190K01,X0022P8MJN,Poly bag,"Brand, Suffocation, Sold as Set, FNSKU"
28,25,"Bachelors Gown+Cap, Black, Matte NO pleats, Standard Fit, size 45","Tassel, color 025+019",ALL YEAR TAGS,UBC0171S45T00250190K01,X0022P8MJN,Poly bag,"Brand, Suffocation, Sold as Set, FNSKU"
29,8,"Bachelors Gown+Cap, Black, Matte NO pleats, Standard Fit, size 45","Tassel, color 025+019",ALL YEAR TAGS,UBC0171S45T00250190K01,X0022P8MJN,Poly bag,"Brand, Suffocation, Sold as Set, FNSKU"
29,17,"Bachelors Gown+Cap, Black, Matte NO pleats, Standard Fit, size 45","Tassel, color 104",ALL YEAR TAGS,UBC0171S45T01040000K01,X0022OD68B,Poly bag,"Brand, Suffocation, Sold as Set, FNSKU"
30,25,"Bachelors Gown+Cap, Black, Matte NO pleats, Standard Fit, size 45","Tassel, color 104",ALL YEAR TAGS,UBC0171S45T01040000K01,X0022OD68B,Poly bag,"Brand, Suffocation, Sold as Set, FNSKU"
31,25,"Bachelors Gown+Cap, Black, Matte NO pleats, Standard Fit, size 45","Tassel, color 104",ALL YEAR TAGS,UBC0171S45T01040000K01,X0022OD68B,Poly bag,"Brand, Suffocation, Sold as Set, FNSKU"
32,25,"Bachelors Gown+Cap, Black, Matte NO pleats, Standard Fit, size 45","Tassel, color 104",ALL YEAR TAGS,UBC0171S45T01040000K01,X0022OD68B,Poly bag,"Brand, Suffocation, Sold as Set, FNSKU"
33,25,"Bachelors Gown+Cap, Black, Matte NO pleats, Standard Fit, size 45","Tassel, color 104",ALL YEAR TAGS,UBC0171S45T01040000K01,X0022OD68B,Poly bag,"Brand, Suffocation, Sold as Set, FNSKU"
34,25,"Bachelors Gown+Cap, Black, Matte NO pleats, Standard Fit, size 45","Tassel, color 104",ALL YEAR TAGS,UBC0171S45T01040000K01,X0022OD68B,Poly bag,"Brand, Suffocation, Sold as Set, FNSKU"
35,25,"Bachelors Gown+Cap, Black, Matte NO pleats, Standard Fit, size 45","Tassel, color 104",ALL YEAR TAGS,UBC0171S45T01040000K01,X0022OD68B,Poly bag,"Brand, Suffocation, Sold as Set, FNSKU"
36,2,"Bachelors Gown+Cap, Black, Matte NO pleats, Standard Fit, size 45","Tassel, color 104",ALL YEAR TAGS,UBC0171S45T01040000K01,X0022OD68B,Poly bag,"Brand, Suffocation, Sold as Set, FNSKU"
36,5,"Bachelors Gown+Cap, Black, Matte NO pleats, Standard Fit, size 45","Tassel, color 220",ALL YEAR TAGS,UBC0171S45T08980000K01,X0022S1TE5,Poly bag,"Brand, Suffocation, Sold as Set, FNSKU"
36,18,"Bachelors Gown+Cap, Black, Matte NO pleats, Standard Fit, size 51","Tassel, color 006",ALL YEAR TAGS,UBC0171S51T00060000K01,X0022OD59L,Poly bag,"Brand, Suffocation, Sold as Set, FNSKU"
37,25,"Bachelors Gown+Cap, Black, Matte NO pleats, Standard Fit, size 51","Tassel, color 006",ALL YEAR TAGS,UBC0171S51T00060000K01,X0022OD59L,Poly bag,"Brand, Suffocation, Sold as Set, FNSKU"
38,10,"Bachelors Gown+Cap, Black, Matte NO pleats, Standard Fit, size 51","Tassel, color 006",ALL YEAR TAGS,UBC0171S51T00060000K01,X0022OD59L,Poly bag,"Brand, Suffocation, Sold as Set, FNSKU"
38,15,"Bachelors Gown+Cap, Black, Matte NO pleats, Standard Fit, size 51","Tassel, color 017",ALL YEAR TAGS,UBC0171S51T00170000K01,X0022OD6AJ,Poly bag,"Brand, Suffocation, Sold as Set, FNSKU"
39,25,"Bachelors Gown+Cap, Black, Matte NO pleats, Standard Fit, size 51","Tassel, color 017",ALL YEAR TAGS,UBC0171S51T00170000K01,X0022OD6AJ,Poly bag,"Brand, Suffocation, Sold as Set, FNSKU"
40,25,"Bachelors Gown+Cap, Black, Matte NO pleats, Standard Fit, size 51","Tassel, color 017",ALL YEAR TAGS,UBC0171S51T00170000K01,X0022OD6AJ,Poly bag,"Brand, Suffocation, Sold as Set, FNSKU"
41,25,"Bachelors Gown+Cap, Black, Matte NO pleats, Standard Fit, size 51","Tassel, color 017",ALL YEAR TAGS,UBC0171S51T00170000K01,X0022OD6AJ,Poly bag,"Brand, Suffocation, Sold as Set, FNSKU"
42,25,"Bachelors Gown+Cap, Black, Matte NO pleats, Standard Fit, size 51","Tassel, color 017",ALL YEAR TAGS,UBC0171S51T00170000K01,X0022OD6AJ,Poly bag,"Brand, Suffocation, Sold as Set, FNSKU"
43,25,"Bachelors Gown+Cap, Black, Matte NO pleats, Standard Fit, size 51","Tassel, color 017",ALL YEAR TAGS,UBC0171S51T00170000K01,X0022OD6AJ,Poly bag,"Brand, Suffocation, Sold as Set, FNSKU"
44,9,"Bachelors Gown+Cap, Black, Matte NO pleats, Standard Fit, size 51","Tassel, color 017",ALL YEAR TAGS,UBC0171S51T00170000K01,X0022OD6AJ,Poly bag,"Brand, Suffocation, Sold as Set, FNSKU"
44,16,"Bachelors Gown+Cap, Black, Matte NO pleats, Standard Fit, size 51","Tassel, color 017+031",ALL YEAR TAGS,UBC0171S51T00170310K01,X0022R2CC9,Poly bag,"Brand, Suffocation, Sold as Set, FNSKU"
45,25,"Bachelors Gown+Cap, Black, Matte NO pleats, Standard Fit, size 51","Tassel, color 017+031",ALL YEAR TAGS,UBC0171S51T00170310K01,X0022R2CC9,Poly bag,"Brand, Suffocation, Sold as Set, FNSKU"
46,21,"Bachelors Gown+Cap, Black, Matte NO pleats, Standard Fit, size 51","Tassel, color 017+031",ALL YEAR TAGS,UBC0171S51T00170310K01,X0022R2CC9,Poly bag,"Brand, Suffocation, Sold as Set, FNSKU"
46,4,"Bachelors Gown+Cap, Black, Matte NO pleats, Standard Fit, size 51","Tassel, color 020",ALL YEAR TAGS,UBC0171S51T00200000K01,X0022P8M93,Poly bag,"Brand, Suffocation, Sold as Set, FNSKU"
47,9,"Bachelors Gown+Cap, Black, Matte NO pleats, Standard Fit, size 51","Tassel, color 020",ALL YEAR TAGS,UBC0171S51T00200000K01,X0022P8M93,Poly bag,"Brand, Suffocation, Sold as Set, FNSKU"
47,16,"Bachelors Gown+Cap, Black, Matte NO pleats, Standard Fit, size 51","Tassel, color 025+019",ALL YEAR TAGS,UBC0171S51T00250190K01,X0022OD5N7,Poly bag,"Brand, Suffocation, Sold as Set, FNSKU"
48,25,"Bachelors Gown+Cap, Black, Matte NO pleats, Standard Fit, size 51","Tassel, color 025+019",ALL YEAR TAGS,UBC0171S51T00250190K01,X0022OD5N7,Poly bag,"Brand, Suffocation, Sold as Set, FNSKU"
49,25,"Bachelors Gown+Cap, Black, Matte NO pleats, Standard Fit, size 51","Tassel, color 025+019",ALL YEAR TAGS,UBC0171S51T00250190K01,X0022OD5N7,Poly bag,"Brand, Suffocation, Sold as Set, FNSKU"
50,25,"Bachelors Gown+Cap, Black, Matte NO pleats, Standard Fit, size 51","Tassel, color 025+019",ALL YEAR TAGS,UBC0171S51T00250190K01,X0022OD5N7,Poly bag,"Brand, Suffocation, Sold as Set, FNSKU"
51,25,"Bachelors Gown+Cap, Black, Matte NO pleats, Standard Fit, size 51","Tassel, color 025+019",ALL YEAR TAGS,UBC0171S51T00250190K01,X0022OD5N7,Poly bag,"Brand, Suffocation, Sold as Set, FNSKU"
52,20,"Bachelors Gown+Cap, Black, Matte NO pleats, Standard Fit, size 51","Tassel, color 025+019",ALL YEAR TAGS,UBC0171S51T00250190K01,X0022OD5N7,Poly bag,"Brand, Suffocation, Sold as Set, FNSKU"
52,5,"Bachelors Gown+Cap, Black, Matte NO pleats, Standard Fit, size 51","Tassel, color 220",ALL YEAR TAGS,UBC0171S51T08980000K01,X0022OD29J,Poly bag,"Brand, Suffocation, Sold as Set, FNSKU"
53,3,"Bachelors Gown+Cap, Black, Matte NO pleats, Standard Fit, size 51","Tassel, color 220",ALL YEAR TAGS,UBC0171S51T08980000K01,X0022OD29J,Poly bag,"Brand, Suffocation, Sold as Set, FNSKU"
53,22,"Bachelors Gown+Cap, Black, Matte NO pleats, Standard Fit, size 54","Tassel, color 006",ALL YEAR TAGS,UBC0171S54T00060000K01,X0022OD6A9,Poly bag,"Brand, Suffocation, Sold as Set, FNSKU"
54,25,"Bachelors Gown+Cap, Black, Matte NO pleats, Standard Fit, size 54","Tassel, color 006",ALL YEAR TAGS,UBC0171S54T00060000K01,X0022OD6A9,Poly bag,"Brand, Suffocation, Sold as Set, FNSKU"
55,15,"Bachelors Gown+Cap, Black, Matte NO pleats, Standard Fit, size 54","Tassel, color 006",ALL YEAR TAGS,UBC0171S54T00060000K01,X0022OD6A9,Poly bag,"Brand, Suffocation, Sold as Set, FNSKU"
55,10,"Bachelors Gown+Cap, Black, Matte NO pleats, Standard Fit, size 54","Tassel, color 017",ALL YEAR TAGS,UBC0171S54T00170000K01,X0022OD5NR,Poly bag,"Brand, Suffocation, Sold as Set, FNSKU"
56,25,"Bachelors Gown+Cap, Black, Matte NO pleats, Standard Fit, size 54","Tassel, color 017",ALL YEAR TAGS,UBC0171S54T00170000K01,X0022OD5NR,Poly bag,"Brand, Suffocation, Sold as Set, FNSKU"
57,25,"Bachelors Gown+Cap, Black, Matte NO pleats, Standard Fit, size 54","Tassel, color 017",ALL YEAR TAGS,UBC0171S54T00170000K01,X0022OD5NR,Poly bag,"Brand, Suffocation, Sold as Set, FNSKU"
58,25,"Bachelors Gown+Cap, Black, Matte NO pleats, Standard Fit, size 54","Tassel, color 017",ALL YEAR TAGS,UBC0171S54T00170000K01,X0022OD5NR,Poly bag,"Brand, Suffocation, Sold as Set, FNSKU"
59,12,"Bachelors Gown+Cap, Black, Matte NO pleats, Standard Fit, size 54","Tassel, color 017",ALL YEAR TAGS,UBC0171S54T00170000K01,X0022OD5NR,Poly bag,"Brand, Suffocation, Sold as Set, FNSKU"
59,13,"Bachelors Gown+Cap, Black, Matte NO pleats, Standard Fit, size 54","Tassel, color 017+031",ALL YEAR TAGS,UBC0171S54T00170310K01,X0022OD59B,Poly bag,"Brand, Suffocation, Sold as Set, FNSKU"
60,25,"Bachelors Gown+Cap, Black, Matte NO pleats, Standard Fit, size 54","Tassel, color 017+031",ALL YEAR TAGS,UBC0171S54T00170310K01,X0022OD59B,Poly bag,"Brand, Suffocation, Sold as Set, FNSKU"
61,3,"Bachelors Gown+Cap, Black, Matte NO pleats, Standard Fit, size 54","Tassel, color 017+031",ALL YEAR TAGS,UBC0171S54T00170310K01,X0022OD59B,Poly bag,"Brand, Suffocation, Sold as Set, FNSKU"
61,9,"Bachelors Gown+Cap, Black, Matte NO pleats, Standard Fit, size 54","Tassel, color 020",ALL YEAR TAGS,UBC0171S54T00200000K01,X0022NEDRZ,Poly bag,"Brand, Suffocation, Sold as Set, FNSKU"
61,13,"Bachelors Gown+Cap, Black, Matte NO pleats, Standard Fit, size 54","Tassel, color 025+019",ALL YEAR TAGS,UBC0171S54T00250190K01,X0022S1UNZ,Poly bag,"Brand, Suffocation, Sold as Set, FNSKU"
62,25,"Bachelors Gown+Cap, Black, Matte NO pleats, Standard Fit, size 54","Tassel, color 025+019",ALL YEAR TAGS,UBC0171S54T00250190K01,X0022S1UNZ,Poly bag,"Brand, Suffocation, Sold as Set, FNSKU"
63,25,"Bachelors Gown+Cap, Black, Matte NO pleats, Standard Fit, size 54","Tassel, color 025+019",ALL YEAR TAGS,UBC0171S54T00250190K01,X0022S1UNZ,Poly bag,"Brand, Suffocation, Sold as Set, FNSKU"
64,25,"Bachelors Gown+Cap, Black, Matte NO pleats, Standard Fit, size 54","Tassel, color 025+019",ALL YEAR TAGS,UBC0171S54T00250190K01,X0022S1UNZ,Poly bag,"Brand, Suffocation, Sold as Set, FNSKU"
65,1,"Bachelors Gown+Cap, Black, Matte NO pleats, Standard Fit, size 54","Tassel, color 025+019",ALL YEAR TAGS,UBC0171S54T00250190K01,X0022S1UNZ,Poly bag,"Brand, Suffocation, Sold as Set, FNSKU"
65,24,"Bachelors Gown+Cap, Black, Matte NO pleats, Standard Fit, size 54","Tassel, color 104",ALL YEAR TAGS,UBC0171S54T01040000K01,X0022P8EAF,Poly bag,"Brand, Suffocation, Sold as Set, FNSKU"
66,3,"Bachelors Gown+Cap, Black, Matte NO pleats, Standard Fit, size 54","Tassel, color 104",ALL YEAR TAGS,UBC0171S54T01040000K01,X0022P8EAF,Poly bag,"Brand, Suffocation, Sold as Set, FNSKU"
66,5,"Bachelors Gown+Cap, Black, Matte NO pleats, Standard Fit, size 54","Tassel, color 220",ALL YEAR TAGS,UBC0171S54T08980000K01,X0022NE9IX,Poly bag,"Brand, Suffocation, Sold as Set, FNSKU"
66,17,"Bachelors Gown+Cap, Black, Matte NO pleats, Standard Fit, size 57","Tassel, color 006",ALL YEAR TAGS,UBC0171S57T00060000K01,X0022P8KF9,Poly bag,"Brand, Suffocation, Sold as Set, FNSKU"
67,16,"Bachelors Gown+Cap, Black, Matte NO pleats, Standard Fit, size 57","Tassel, color 006",ALL YEAR TAGS,UBC0171S57T00060000K01,X0022P8KF9,Poly bag,"Brand, Suffocation, Sold as Set, FNSKU"
67,9,"Bachelors Gown+Cap, Black, Matte NO pleats, Standard Fit, size 57","Tassel, color 017",ALL YEAR TAGS,UBC0171S57T00170000K01,X0022P8KGN,Poly bag,"Brand, Suffocation, Sold as Set, FNSKU"
68,25,"Bachelors Gown+Cap, Black, Matte NO pleats, Standard Fit, size 57","Tassel, color 017",ALL YEAR TAGS,UBC0171S57T00170000K01,X0022P8KGN,Poly bag,"Brand, Suffocation, Sold as Set, FNSKU"
69,18,"Bachelors Gown+Cap, Black, Matte NO pleats, Standard Fit, size 57","Tassel, color 017",ALL YEAR TAGS,UBC0171S57T00170000K01,X0022P8KGN,Poly bag,"Brand, Suffocation, Sold as Set, FNSKU"
69,7,"Bachelors Gown+Cap, Black, Matte NO pleats, Standard Fit, size 57","Tassel, color 017+031",ALL YEAR TAGS,UBC0171S57T00170310K01,X0022NEDBB,Poly bag,"Brand, Suffocation, Sold as Set, FNSKU"
70,15,"Bachelors Gown+Cap, Black, Matte NO pleats, Standard Fit, size 57","Tassel, color 017+031",ALL YEAR TAGS,UBC0171S57T00170310K01,X0022NEDBB,Poly bag,"Brand, Suffocation, Sold as Set, FNSKU"
70,10,"Bachelors Gown+Cap, Black, Matte NO pleats, Standard Fit, size 57","Tassel, color 019",ALL YEAR TAGS,UBC0171S57T00190000K01,X0022Q71C1,Poly bag,"Brand, Suffocation, Sold as Set, FNSKU"
71,25,"Bachelors Gown+Cap, Black, Matte NO pleats, Standard Fit, size 57","Tassel, color 019",ALL YEAR TAGS,UBC0171S57T00190000K01,X0022Q71C1,Poly bag,"Brand, Suffocation, Sold as Set, FNSKU"
72,25,"Bachelors Gown+Cap, Black, Matte NO pleats, Standard Fit, size 57","Tassel, color 019",ALL YEAR TAGS,UBC0171S57T00190000K01,X0022Q71C1,Poly bag,"Brand, Suffocation, Sold as Set, FNSKU"
73,16,"Bachelors Gown+Cap, Black, Matte NO pleats, Standard Fit, size 57","Tassel, color 019",ALL YEAR TAGS,UBC0171S57T00190000K01,X0022Q71C1,Poly bag,"Brand, Suffocation, Sold as Set, FNSKU"
73,5,"Bachelors Gown+Cap, Black, Matte NO pleats, Standard Fit, size 57","Tassel, color 020",ALL YEAR TAGS,UBC0171S57T00200000K01,X0022Q71HV,Poly bag,"Brand, Suffocation, Sold as Set, FNSKU"
73,4,"Bachelors Gown+Cap, Black, Matte NO pleats, Standard Fit, size 57","Tassel, color 025+019",ALL YEAR TAGS,UBC0171S57T00250190K01,X0022P8MI9,Poly bag,"Brand, Suffocation, Sold as Set, FNSKU"
74,25,"Bachelors Gown+Cap, Black, Matte NO pleats, Standard Fit, size 57","Tassel, color 025+019",ALL YEAR TAGS,UBC0171S57T00250190K01,X0022P8MI9,Poly bag,"Brand, Suffocation, Sold as Set, FNSKU"
75,19,"Bachelors Gown+Cap, Black, Matte NO pleats, Standard Fit, size 57","Tassel, color 025+019",ALL YEAR TAGS,UBC0171S57T00250190K01,X0022P8MI9,Poly bag,"Brand, Suffocation, Sold as Set, FNSKU"
75,6,"Bachelors Gown+Cap, Black, Matte NO pleats, Standard Fit, size 57","Tassel, color 104",ALL YEAR TAGS,UBC0171S57T01040000K01,X0022NEA3H,Poly bag,"Brand, Suffocation, Sold as Set, FNSKU"
76,25,"Bachelors Gown+Cap, Black, Matte NO pleats, Standard Fit, size 57","Tassel, color 104",ALL YEAR TAGS,UBC0171S57T01040000K01,X0022NEA3H,Poly bag,"Brand, Suffocation, Sold as Set, FNSKU"
77,25,"Bachelors Gown+Cap, Black, Matte NO pleats, Standard Fit, size 57","Tassel, color 104",ALL YEAR TAGS,UBC0171S57T01040000K01,X0022NEA3H,Poly bag,"Brand, Suffocation, Sold as Set, FNSKU"
78,25,"Bachelors Gown+Cap, Black, Matte NO pleats, Standard Fit, size 57","Tassel, color 104",ALL YEAR TAGS,UBC0171S57T01040000K01,X0022NEA3H,Poly bag,"Brand, Suffocation, Sold as Set, FNSKU"
79,14,"Bachelors Gown+Cap, Black, Matte NO pleats, Standard Fit, size 57","Tassel, color 104",ALL YEAR TAGS,UBC0171S57T01040000K01,X0022NEA3H,Poly bag,"Brand, Suffocation, Sold as Set, FNSKU"
79,3,"Bachelors Gown+Cap, Black, Matte NO pleats, Standard Fit, size 57","Tassel, color 220",ALL YEAR TAGS,UBC0171S57T08980000K01,X0022P8MHP,Poly bag,"Brand, Suffocation, Sold as Set, FNSKU"
79,8,"Bachelors Gown+Cap, Black, Matte NO pleats, Standard Fit, size 60","Tassel, color 006",ALL YEAR TAGS,UBC0171S60T00060000K01,X0022S1TDV,Poly bag,"Brand, Suffocation, Sold as Set, FNSKU"
80,3,"Bachelors Gown+Cap, Black, Matte NO pleats, Standard Fit, size 60","Tassel, color 006",ALL YEAR TAGS,UBC0171S60T00060000K01,X0022S1TDV,Poly bag,"Brand, Suffocation, Sold as Set, FNSKU"
80,18,"Bachelors Gown+Cap, Black, Matte NO pleats, Standard Fit, size 60","Tassel, color 017",ALL YEAR TAGS,UBC0171S60T00170000K01,X0022P8MJD,Poly bag,"Brand, Suffocation, Sold as Set, FNSKU"
80,4,"Bachelors Gown+Cap, Black, Matte NO pleats, Standard Fit, size 60","Tassel, color 017+031",ALL YEAR TAGS,UBC0171S60T00170310K01,X0022OD68L,Poly bag,"Brand, Suffocation, Sold as Set, FNSKU"
81,4,"Bachelors Gown+Cap, Black, Matte NO pleats, Standard Fit, size 60","Tassel, color 017+031",ALL YEAR TAGS,UBC0171S60T00170310K01,X0022OD68L,Poly bag,"Brand, Suffocation, Sold as Set, FNSKU"
81,21,"Bachelors Gown+Cap, Black, Matte NO pleats, Standard Fit, size 60","Tassel, color 019",ALL YEAR TAGS,UBC0171S60T00190000K01,X0022P8HVV,Poly bag,"Brand, Suffocation, Sold as Set, FNSKU"
82,5,"Bachelors Gown+Cap, Black, Matte NO pleats, Standard Fit, size 60","Tassel, color 019",ALL YEAR TAGS,UBC0171S60T00190000K01,X0022P8HVV,Poly bag,"Brand, Suffocation, Sold as Set, FNSKU"
82,2,"Bachelors Gown+Cap, Black, Matte NO pleats, Standard Fit, size 60","Tassel, color 020",ALL YEAR TAGS,UBC0171S60T00200000K01,X0022R2VHF,Poly bag,"Brand, Suffocation, Sold as Set, FNSKU"
82,16,"Bachelors Gown+Cap, Black, Matte NO pleats, Standard Fit, size 60","Tassel, color 025+019",ALL YEAR TAGS,UBC0171S60T00250190K01,X0022OD5NH,Poly bag,"Brand, Suffocation, Sold as Set, FNSKU"
82,2,"Bachelors Gown+Cap, Black, Matte NO pleats, Standard Fit, size 60","Tassel, color 104",ALL YEAR TAGS,UBC0171S60T01040000K01,X0022R26VB,Poly bag,"Brand, Suffocation, Sold as Set, FNSKU"
83,25,"Bachelors Gown+Cap, Black, Matte NO pleats, Standard Fit, size 60","Tassel, color 104",ALL YEAR TAGS,UBC0171S60T01040000K01,X0022R26VB,Poly bag,"Brand, Suffocation, Sold as Set, FNSKU"
84,5,"Bachelors Gown+Cap, Black, Matte NO pleats, Standard Fit, size 60","Tassel, color 104",ALL YEAR TAGS,UBC0171S60T01040000K01,X0022R26VB,Poly bag,"Brand, Suffocation, Sold as Set, FNSKU"
84,4,"Bachelors Gown+Cap, Black, Matte NO pleats, Standard Fit, size 63","Tassel, color 006",ALL YEAR TAGS,UBC0171S63T00060000K01,X0022P8M8T,Poly bag,"Brand, Suffocation, Sold as Set, FNSKU"
84,6,"Bachelors Gown+Cap, Black, Matte NO pleats, Standard Fit, size 63","Tassel, color 017",ALL YEAR TAGS,UBC0171S63T00170000K01,X0022OD2OJ,Poly bag,"Brand, Suffocation, Sold as Set, FNSKU"
84,3,"Bachelors Gown+Cap, Black, Matte NO pleats, Standard Fit, size 63","Tassel, color 017+031",ALL YEAR TAGS,UBC0171S63T00170310K01,X0022OD587,Poly bag,"Brand, Suffocation, Sold as Set, FNSKU"
84,7,"Bachelors Gown+Cap, Black, Matte NO pleats, Standard Fit, size 63","Tassel, color 019",ALL YEAR TAGS,UBC0171S63T00190000K01,X0022P8HWZ,Poly bag,"Brand, Suffocation, Sold as Set, FNSKU"
85,2,"Bachelors Gown+Cap, Black, Matte NO pleats, Standard Fit, size 63","Tassel, color 019",ALL YEAR TAGS,UBC0171S63T00190000K01,X0022P8HWZ,Poly bag,"Brand, Suffocation, Sold as Set, FNSKU"
85,6,"Bachelors Gown+Cap, Black, Matte NO pleats, Standard Fit, size 63","Tassel, color 025+019",ALL YEAR TAGS,UBC0171S63T00250190K01,X0022NED6B,Poly bag,"Brand, Suffocation, Sold as Set, FNSKU"
85,11,"Bachelors Gown+Cap, Black, Matte NO pleats, Standard Fit, size 63","Tassel, color 104",ALL YEAR TAGS,UBC0171S63T01040000K01,X0022R2CB5,Poly bag,"Brand, Suffocation, Sold as Set, FNSKU"
,,,,,,,,
85,1,"Bachelors Gown+Cap, Black, Matte with pleats, Full fit, size 39","Tassel, color 025+019",ALL YEAR TAGS,UBC0173F39T00250190K01,X0022NEFEV,Poly bag,"Brand, Suffocation, Sold as Set, FNSKU"
85,1,"Bachelors Gown+Cap, Black, Matte with pleats, Full Fit, size 42","Tassel, color 025+019",ALL YEAR TAGS,UBC0173F42T00250190K01,X0022Q6O3D,Poly bag,"Brand, Suffocation, Sold as Set, FNSKU"
85,4,"Bachelors Gown+Cap, Black, Matte with pleats, Full Fit, size 45","Tassel, color 025+019",ALL YEAR TAGS,UBC0173F45T00250190K01,X0022P8OYL,Poly bag,"Brand, Suffocation, Sold as Set, FNSKU"
86,2,"Bachelors Gown+Cap, Black, Matte with pleats, Full Fit, size 45","Tassel, color 025+019",ALL YEAR TAGS,UBC0173F45T00250190K01,X0022P8OYL,Poly bag,"Brand, Suffocation, Sold as Set, FNSKU"
86,2,"Bachelors Gown+Cap, Black, Matte with pleats, Full Fit, size 48","Tassel, color 014",ALL YEAR TAGS,UBC0173F48T00140000K01,X0022R2KF3,Poly bag,"Brand, Suffocation, Sold as Set, FNSKU"
86,5,"Bachelors Gown+Cap, Black, Matte with pleats, Full Fit, size 48","Tassel, color 025+019",ALL YEAR TAGS,UBC0173F48T00250190K01,X0022R2KFN,Poly bag,"Brand, Suffocation, Sold as Set, FNSKU"
86,2,"Bachelors Gown+Cap, Black, Matte with pleats, Full Fit, size 48","Tassel, color 104",ALL YEAR TAGS,UBC0173F48T01040000K01,X0022P8LPN,Poly bag,"Brand, Suffocation, Sold as Set, FNSKU"
86,2,"Bachelors Gown+Cap, Black, Matte with pleats, Full Fit, size 51","Tassel, color 014",ALL YEAR TAGS,UBC0173F51T00140000K01,X0022NEH8Z,Poly bag,"Brand, Suffocation, Sold as Set, FNSKU"
86,6,"Bachelors Gown+Cap, Black, Matte with pleats, Full Fit, size 51","Tassel, color 025+019",ALL YEAR TAGS,UBC0173F51T00250190K01,X0022Q70VX,Poly bag,"Brand, Suffocation, Sold as Set, FNSKU"
86,2,"Bachelors Gown+Cap, Black, Matte with pleats, Full Fit, size 51","Tassel, color 104",ALL YEAR TAGS,UBC0173F51T01040000K01,X0022NEH8P,Poly bag,"Brand, Suffocation, Sold as Set, FNSKU"
86,2,"Bachelors Gown+Cap, Black, Matte with pleats, Full Fit, size 54","Tassel, color 014",ALL YEAR TAGS,UBC0173F54T00140000K01,X0022OD8LV,Poly bag,"Brand, Suffocation, Sold as Set, FNSKU"
86,2,"Bachelors Gown+Cap, Black, Matte with pleats, Full Fit, size 54","Tassel, color 025+019",ALL YEAR TAGS,UBC0173F54T00250190K01,X0022Q6O33,Poly bag,"Brand, Suffocation, Sold as Set, FNSKU"
87,2,"Bachelors Gown+Cap, Black, Matte with pleats, Full Fit, size 54","Tassel, color 025+019",ALL YEAR TAGS,UBC0173F54T00250190K01,X0022Q6O33,Poly bag,"Brand, Suffocation, Sold as Set, FNSKU"
87,4,"Bachelors Gown+Cap, Black, Matte with pleats, Full Fit, size 57","Tassel, color 025+019",ALL YEAR TAGS,UBC0173F57T00250190K01,X0022P8OY1,Poly bag,"Brand, Suffocation, Sold as Set, FNSKU"
87,2,"Bachelors Gown+Cap, Black, Matte with pleats, Full Fit, size 60","Tassel, color 025+019",ALL YEAR TAGS,UBC0173F60T00250190K01,X0022S1UDP,Poly bag,"Brand, Suffocation, Sold as Set, FNSKU"
87,1,"Bachelors Gown+Cap, Black, Matte with pleats, Full Fit, size 63","Tassel, color 025+019",ALL YEAR TAGS,UBC0173F63T00250190K01,X0022NEGSV,Poly bag,"Brand, Suffocation, Sold as Set, FNSKU"
,,,,,,,,
87,2,"Bachelors Gown+Cap, Black, Matte with pleats, Standard Fit, size 39","Tassel, color 014",ALL YEAR TAGS,UBC0173S39T00140000K01,X0022OD7G7,Poly bag,"Brand, Suffocation, Sold as Set, FNSKU"
87,5,"Bachelors Gown+Cap, Black, Matte with pleats, Standard Fit, size 39","Tassel, color 025+019",ALL YEAR TAGS,UBC0173S39T00250190K01,X0022R1O23,Poly bag,"Brand, Suffocation, Sold as Set, FNSKU"
87,3,"Bachelors Gown+Cap, Black, Matte with pleats, Standard Fit, size 42","Tassel, color 014",ALL YEAR TAGS,UBC0173S42T00140000K01,X0022NEF05,Poly bag,"Brand, Suffocation, Sold as Set, FNSKU"
87,6,"Bachelors Gown+Cap, Black, Matte with pleats, Standard Fit, size 42","Tassel, color 025+019",ALL YEAR TAGS,UBC0173S42T00250190K01,X0022Q6O2J,Poly bag,"Brand, Suffocation, Sold as Set, FNSKU"
88,3,"Bachelors Gown+Cap, Black, Matte with pleats, Standard Fit, size 42","Tassel, color 025+019",ALL YEAR TAGS,UBC0173S42T00250190K01,X0022Q6O2J,Poly bag,"Brand, Suffocation, Sold as Set, FNSKU"
88,2,"Bachelors Gown+Cap, Black, Matte with pleats, Standard Fit, size 42","Tassel, color 104",ALL YEAR TAGS,UBC0173S42T01040000K01,X0022Q7A6D,Poly bag,"Brand, Suffocation, Sold as Set, FNSKU"
88,2,"Bachelors Gown+Cap, Black, Matte with pleats, Standard Fit, size 45","Tassel, color 002",ALL YEAR TAGS,UBC0173S45T00020000K01,X0022NEEZV,Poly bag,"Brand, Suffocation, Sold as Set, FNSKU"
88,18,"Bachelors Gown+Cap, Black, Matte with pleats, Standard Fit, size 45","Tassel, color 014",ALL YEAR TAGS,UBC0173S45T00140000K01,X0022NEFFP,Poly bag,"Brand, Suffocation, Sold as Set, FNSKU"
89,1,"Bachelors Gown+Cap, Black, Matte with pleats, Standard Fit, size 45","Tassel, color 014",ALL YEAR TAGS,UBC0173S45T00140000K01,X0022NEFFP,Poly bag,"Brand, Suffocation, Sold as Set, FNSKU"
89,2,"Bachelors Gown+Cap, Black, Matte with pleats, Standard Fit, size 45","Tassel, color 015",ALL YEAR TAGS,UBC0173S45T00150000K01,X0022Q70W7,Poly bag,"Brand, Suffocation, Sold as Set, FNSKU"
89,8,"Bachelors Gown+Cap, Black, Matte with pleats, Standard Fit, size 45","Tassel, color 019",ALL YEAR TAGS,UBC0173S45T00190000K01,X0022S1UUX,Poly bag,"Brand, Suffocation, Sold as Set, FNSKU"
89,14,"Bachelors Gown+Cap, Black, Matte with pleats, Standard Fit, size 45","Tassel, color 025+019",ALL YEAR TAGS,UBC0173S45T00250190K01,X0022OD9UL,Poly bag,"Brand, Suffocation, Sold as Set, FNSKU"
90,25,"Bachelors Gown+Cap, Black, Matte with pleats, Standard Fit, size 45","Tassel, color 025+019",ALL YEAR TAGS,UBC0173S45T00250190K01,X0022OD9UL,Poly bag,"Brand, Suffocation, Sold as Set, FNSKU"
91,13,"Bachelors Gown+Cap, Black, Matte with pleats, Standard Fit, size 45","Tassel, color 025+019",ALL YEAR TAGS,UBC0173S45T00250190K01,X0022OD9UL,Poly bag,"Brand, Suffocation, Sold as Set, FNSKU"
91,7,"Bachelors Gown+Cap, Black, Matte with pleats, Standard Fit, size 45","Tassel, color 031",ALL YEAR TAGS,UBC0173S45T00310000K01,X0022P8OYB,Poly bag,"Brand, Suffocation, Sold as Set, FNSKU"
91,5,"Bachelors Gown+Cap, Black, Matte with pleats, Standard Fit, size 45","Tassel, color 104",ALL YEAR TAGS,UBC0173S45T01040000K01,X0022OD86V,Poly bag,"Brand, Suffocation, Sold as Set, FNSKU"
92,10,"Bachelors Gown+Cap, Black, Matte with pleats, Standard Fit, size 45","Tassel, color 104",ALL YEAR TAGS,UBC0173S45T01040000K01,X0022OD86V,Poly bag,"Brand, Suffocation, Sold as Set, FNSKU"
92,2,"Bachelors Gown+Cap, Black, Matte with pleats, Standard Fit, size 45","Tassel, color 111",ALL YEAR TAGS,UBC0173S45T01110000K01,X0022Q7BOJ,Poly bag,"Brand, Suffocation, Sold as Set, FNSKU"
92,3,"Bachelors Gown+Cap, Black, Matte with pleats, Standard Fit, size 48","Tassel, color 002",ALL YEAR TAGS,UBC0173S48T00020000K01,X0022Q6O2T,Poly bag,"Brand, Suffocation, Sold as Set, FNSKU"
92,10,"Bachelors Gown+Cap, Black, Matte with pleats, Standard Fit, size 48","Tassel, color 014",ALL YEAR TAGS,UBC0173S48T00140000K01,X0022NEFEB,Poly bag,"Brand, Suffocation, Sold as Set, FNSKU"
93,19,"Bachelors Gown+Cap, Black, Matte with pleats, Standard Fit, size 48","Tassel, color 014",ALL YEAR TAGS,UBC0173S48T00140000K01,X0022NEFEB,Poly bag,"Brand, Suffocation, Sold as Set, FNSKU"
93,2,"Bachelors Gown+Cap, Black, Matte with pleats, Standard Fit, size 48","Tassel, color 015",ALL YEAR TAGS,UBC0173S48T00150000K01,X0022S1UCB,Poly bag,"Brand, Suffocation, Sold as Set, FNSKU"
93,4,"Bachelors Gown+Cap, Black, Matte with pleats, Standard Fit, size 48","Tassel, color 019",ALL YEAR TAGS,UBC0173S48T00190000K01,X0022R1O2D,Poly bag,"Brand, Suffocation, Sold as Set, FNSKU"
94,8,"Bachelors Gown+Cap, Black, Matte with pleats, Standard Fit, size 48","Tassel, color 019",ALL YEAR TAGS,UBC0173S48T00190000K01,X0022R1O2D,Poly bag,"Brand, Suffocation, Sold as Set, FNSKU"
94,17,"Bachelors Gown+Cap, Black, Matte with pleats, Standard Fit, size 48","Tassel, color 025+019",ALL YEAR TAGS,UBC0173S48T00250190K01,X0022NEJFB,Poly bag,"Brand, Suffocation, Sold as Set, FNSKU"
95,25,"Bachelors Gown+Cap, Black, Matte with pleats, Standard Fit, size 48","Tassel, color 025+019",ALL YEAR TAGS,UBC0173S48T00250190K01,X0022NEJFB,Poly bag,"Brand, Suffocation, Sold as Set, FNSKU"
96,25,"Bachelors Gown+Cap, Black, Matte with pleats, Standard Fit, size 48","Tassel, color 025+019",ALL YEAR TAGS,UBC0173S48T00250190K01,X0022NEJFB,Poly bag,"Brand, Suffocation, Sold as Set, FNSKU"
97,16,"Bachelors Gown+Cap, Black, Matte with pleats, Standard Fit, size 48","Tassel, color 025+019",ALL YEAR TAGS,UBC0173S48T00250190K01,X0022NEJFB,Poly bag,"Brand, Suffocation, Sold as Set, FNSKU"
97,9,"Bachelors Gown+Cap, Black, Matte with pleats, Standard Fit, size 48","Tassel, color 031",ALL YEAR TAGS,UBC0173S48T00310000K01,X0022NEG77,Poly bag,"Brand, Suffocation, Sold as Set, FNSKU"
98,2,"Bachelors Gown+Cap, Black, Matte with pleats, Standard Fit, size 48","Tassel, color 031",ALL YEAR TAGS,UBC0173S48T00310000K01,X0022NEG77,Poly bag,"Brand, Suffocation, Sold as Set, FNSKU"
98,23,"Bachelors Gown+Cap, Black, Matte with pleats, Standard Fit, size 48","Tassel, color 104",ALL YEAR TAGS,UBC0173S48T01040000K01,X0022NEG63,Poly bag,"Brand, Suffocation, Sold as Set, FNSKU"
99,1,"Bachelors Gown+Cap, Black, Matte with pleats, Standard Fit, size 48","Tassel, color 104",ALL YEAR TAGS,UBC0173S48T01040000K01,X0022NEG63,Poly bag,"Brand, Suffocation, Sold as Set, FNSKU"
99,3,"Bachelors Gown+Cap, Black, Matte with pleats, Standard Fit, size 48","Tassel, color 111",ALL YEAR TAGS,UBC0173S48T01110000K01,X0022S1UCL,Poly bag,"Brand, Suffocation, Sold as Set, FNSKU"
99,3,"Bachelors Gown+Cap, Black, Matte with pleats, Standard Fit, size 51","Tassel, color 002",ALL YEAR TAGS,UBC0173S51T00020000K01,X0022P8J6T,Poly bag,"Brand, Suffocation, Sold as Set, FNSKU"
99,18,"Bachelors Gown+Cap, Black, Matte with pleats, Standard Fit, size 51","Tassel, color 014",ALL YEAR TAGS,UBC0173S51T00140000K01,X0022NEJ8D,Poly bag,"Brand, Suffocation, Sold as Set, FNSKU"
100,12,"Bachelors Gown+Cap, Black, Matte with pleats, Standard Fit, size 51","Tassel, color 014",ALL YEAR TAGS,UBC0173S51T00140000K01,X0022NEJ8D,Poly bag,"Brand, Suffocation, Sold as Set, FNSKU"
100,2,"Bachelors Gown+Cap, Black, Matte with pleats, Standard Fit, size 51","Tassel, color 015",ALL YEAR TAGS,UBC0173S51T00150000K01,X0022S1UC1,Poly bag,"Brand, Suffocation, Sold as Set, FNSKU"
100,11,"Bachelors Gown+Cap, Black, Matte with pleats, Standard Fit, size 51","Tassel, color 019",ALL YEAR TAGS,UBC0173S51T00190000K01,X0022OD9UV,Poly bag,"Brand, Suffocation, Sold as Set, FNSKU"
101,1,"Bachelors Gown+Cap, Black, Matte with pleats, Standard Fit, size 51","Tassel, color 019",ALL YEAR TAGS,UBC0173S51T00190000K01,X0022OD9UV,Poly bag,"Brand, Suffocation, Sold as Set, FNSKU"
101,24,"Bachelors Gown+Cap, Black, Matte with pleats, Standard Fit, size 51","Tassel, color 025+019",ALL YEAR TAGS,UBC0173S51T00250190K01,X0022NEJ8N,Poly bag,"Brand, Suffocation, Sold as Set, FNSKU"
102,25,"Bachelors Gown+Cap, Black, Matte with pleats, Standard Fit, size 51","Tassel, color 025+019",ALL YEAR TAGS,UBC0173S51T00250190K01,X0022NEJ8N,Poly bag,"Brand, Suffocation, Sold as Set, FNSKU"
103,25,"Bachelors Gown+Cap, Black, Matte with pleats, Standard Fit, size 51","Tassel, color 025+019",ALL YEAR TAGS,UBC0173S51T00250190K01,X0022NEJ8N,Poly bag,"Brand, Suffocation, Sold as Set, FNSKU"
104,13,"Bachelors Gown+Cap, Black, Matte with pleats, Standard Fit, size 51","Tassel, color 025+019",ALL YEAR TAGS,UBC0173S51T00250190K01,X0022NEJ8N,Poly bag,"Brand, Suffocation, Sold as Set, FNSKU"
104,12,"Bachelors Gown+Cap, Black, Matte with pleats, Standard Fit, size 51","Tassel, color 031",ALL YEAR TAGS,UBC0173S51T00310000K01,X0022OD7XF,Poly bag,"Brand, Suffocation, Sold as Set, FNSKU"
105,24,"Bachelors Gown+Cap, Black, Matte with pleats, Standard Fit, size 51","Tassel, color 104",ALL YEAR TAGS,UBC0173S51T01040000K01,X0022S1UCV,Poly bag,"Brand, Suffocation, Sold as Set, FNSKU"
105,1,"Bachelors Gown+Cap, Black, Matte with pleats, Standard Fit, size 51","Tassel, color 111",ALL YEAR TAGS,UBC0173S51T01110000K01,X0022ODA6J,Poly bag,"Brand, Suffocation, Sold as Set, FNSKU"
106,2,"Bachelors Gown+Cap, Black, Matte with pleats, Standard Fit, size 51","Tassel, color 111",ALL YEAR TAGS,UBC0173S51T01110000K01,X0022ODA6J,Poly bag,"Brand, Suffocation, Sold as Set, FNSKU"
106,2,"Bachelors Gown+Cap, Black, Matte with pleats, Standard Fit, size 54","Tassel, color 002",ALL YEAR TAGS,UBC0173S54T00020000K01,X0022NEG6N,Poly bag,"Brand, Suffocation, Sold as Set, FNSKU"
106,20,"Bachelors Gown+Cap, Black, Matte with pleats, Standard Fit, size 54","Tassel, color 014",ALL YEAR TAGS,UBC0173S54T00140000K01,X0022NEG6D,Poly bag,"Brand, Suffocation, Sold as Set, FNSKU"
106,1,"Bachelors Gown+Cap, Black, Matte with pleats, Standard Fit, size 54","Tassel, color 015",ALL YEAR TAGS,UBC0173S54T00150000K01,X0022R1OOB,Poly bag,"Brand, Suffocation, Sold as Set, FNSKU"
107,1,"Bachelors Gown+Cap, Black, Matte with pleats, Standard Fit, size 54","Tassel, color 015",ALL YEAR TAGS,UBC0173S54T00150000K01,X0022R1OOB,Poly bag,"Brand, Suffocation, Sold as Set, FNSKU"
107,8,"Bachelors Gown+Cap, Black, Matte with pleats, Standard Fit, size 54","Tassel, color 019",ALL YEAR TAGS,UBC0173S54T00190000K01,X0022P8LP3,Poly bag,"Brand, Suffocation, Sold as Set, FNSKU"
107,16,"Bachelors Gown+Cap, Black, Matte with pleats, Standard Fit, size 54","Tassel, color 025+019",ALL YEAR TAGS,UBC0173S54T00250190K01,X0022R2KEJ,Poly bag,"Brand, Suffocation, Sold as Set, FNSKU"
108,25,"Bachelors Gown+Cap, Black, Matte with pleats, Standard Fit, size 54","Tassel, color 025+019",ALL YEAR TAGS,UBC0173S54T00250190K01,X0022R2KEJ,Poly bag,"Brand, Suffocation, Sold as Set, FNSKU"
109,15,"Bachelors Gown+Cap, Black, Matte with pleats, Standard Fit, size 54","Tassel, color 025+019",ALL YEAR TAGS,UBC0173S54T00250190K01,X0022R2KEJ,Poly bag,"Brand, Suffocation, Sold as Set, FNSKU"
109,8,"Bachelors Gown+Cap, Black, Matte with pleats, Standard Fit, size 54","Tassel, color 031",ALL YEAR TAGS,UBC0173S54T00310000K01,X0022P8J73,Poly bag,"Brand, Suffocation, Sold as Set, FNSKU"
109,2,"Bachelors Gown+Cap, Black, Matte with pleats, Standard Fit, size 54","Tassel, color 104",ALL YEAR TAGS,UBC0173S54T01040000K01,X0022S1UD5,Poly bag,"Brand, Suffocation, Sold as Set, FNSKU"
110,14,"Bachelors Gown+Cap, Black, Matte with pleats, Standard Fit, size 54","Tassel, color 104",ALL YEAR TAGS,UBC0173S54T01040000K01,X0022S1UD5,Poly bag,"Brand, Suffocation, Sold as Set, FNSKU"
110,2,"Bachelors Gown+Cap, Black, Matte with pleats, Standard Fit, size 54","Tassel, color 111",ALL YEAR TAGS,UBC0173S54T01110000K01,X0022S1UBR,Poly bag,"Brand, Suffocation, Sold as Set, FNSKU"
110,9,"Bachelors Gown+Cap, Black, Matte with pleats, Standard Fit, size 57","Tassel, color 014",ALL YEAR TAGS,UBC0173S57T00140000K01,X0022P1EDT,Poly bag,"Brand, Suffocation, Sold as Set, FNSKU"
111,2,"Bachelors Gown+Cap, Black, Matte with pleats, Standard Fit, size 57","Tassel, color 014",ALL YEAR TAGS,UBC0173S57T00140000K01,X0022P1EDT,Poly bag,"Brand, Suffocation, Sold as Set, FNSKU"
111,5,"Bachelors Gown+Cap, Black, Matte with pleats, Standard Fit, size 57","Tassel, color 019",ALL YEAR TAGS,UBC0173S57T00190000K01,X0022OD889,Poly bag,"Brand, Suffocation, Sold as Set, FNSKU"
111,18,"Bachelors Gown+Cap, Black, Matte with pleats, Standard Fit, size 57","Tassel, color 025+019",ALL YEAR TAGS,UBC0173S57T00250190K01,X0022OD7YJ,Poly bag,"Brand, Suffocation, Sold as Set, FNSKU"
112,13,"Bachelors Gown+Cap, Black, Matte with pleats, Standard Fit, size 57","Tassel, color 025+019",ALL YEAR TAGS,UBC0173S57T00250190K01,X0022OD7YJ,Poly bag,"Brand, Suffocation, Sold as Set, FNSKU"
112,4,"Bachelors Gown+Cap, Black, Matte with pleats, Standard Fit, size 57","Tassel, color 031",ALL YEAR TAGS,UBC0173S57T00310000K01,X0022Q6TYH,Poly bag,"Brand, Suffocation, Sold as Set, FNSKU"
112,8,"Bachelors Gown+Cap, Black, Matte with pleats, Standard Fit, size 57","Tassel, color 104",ALL YEAR TAGS,UBC0173S57T01040000K01,X0022P8LOJ,Poly bag,"Brand, Suffocation, Sold as Set, FNSKU"
113,1,"Bachelors Gown+Cap, Black, Matte with pleats, Standard Fit, size 57","Tassel, color 104",ALL YEAR TAGS,UBC0173S57T01040000K01,X0022P8LOJ,Poly bag,"Brand, Suffocation, Sold as Set, FNSKU"
113,4,"Bachelors Gown+Cap, Black, Matte with pleats, Standard Fit, size 60","Tassel, color 014",ALL YEAR TAGS,UBC0173S60T00140000K01,X0022R1O2X,Poly bag,"Brand, Suffocation, Sold as Set, FNSKU"
113,2,"Bachelors Gown+Cap, Black, Matte with pleats, Standard Fit, size 60","Tassel, color 019",ALL YEAR TAGS,UBC0173S60T00190000K01,X0022R1O3H,Poly bag,"Brand, Suffocation, Sold as Set, FNSKU"
113,9,"Bachelors Gown+Cap, Black, Matte with pleats, Standard Fit, size 60","Tassel, color 025+019",ALL YEAR TAGS,UBC0173S60T00250190K01,X0022NEFF5,Poly bag,"Brand, Suffocation, Sold as Set, FNSKU"
113,2,"Bachelors Gown+Cap, Black, Matte with pleats, Standard Fit, size 60","Tassel, color 031",ALL YEAR TAGS,UBC0173S60T00310000K01,X0022P8OYV,Poly bag,"Brand, Suffocation, Sold as Set, FNSKU"
113,3,"Bachelors Gown+Cap, Black, Matte with pleats, Standard Fit, size 60","Tassel, color 104",ALL YEAR TAGS,UBC0173S60T01040000K01,X0022Q774N,Poly bag,"Brand, Suffocation, Sold as Set, FNSKU"
113,2,"Bachelors Gown+Cap, Black, Matte with pleats, Standard Fit, size 63","Tassel, color 014",ALL YEAR TAGS,UBC0173S63T00140000K01,X0022NEG6X,Poly bag,"Brand, Suffocation, Sold as Set, FNSKU"
113,2,"Bachelors Gown+Cap, Black, Matte with pleats, Standard Fit, size 63","Tassel, color 025+019",ALL YEAR TAGS,UBC0173S63T00250190K01,X0022R2XLJ,Poly bag,"Brand, Suffocation, Sold as Set, FNSKU"
114,3,"Bachelors Gown+Cap, Black, Matte with pleats, Standard Fit, size 63","Tassel, color 025+019",ALL YEAR TAGS,UBC0173S63T00250190K01,X0022R2XLJ,Poly bag,"Brand, Suffocation, Sold as Set, FNSKU"
,,,,,,,,
114,1,"Masters Gown+Cap, Black, Matte NO pleats, Full fit, size 39","Tassel, color 025+019",ALL YEAR TAGS,UMC0171F39T00250190K01,X0022R2IUZ,Poly bag,"Brand, Suffocation, Sold as Set, FNSKU"
114,1,"Masters Gown+Cap, Black, Matte NO pleats, Full fit, size 42","Tassel, color 025+019",ALL YEAR TAGS,UMC0171F42T00250190K01,X0022OD0UF,Poly bag,"Brand, Suffocation, Sold as Set, FNSKU"
114,1,"Masters Gown+Cap, Black, Matte NO pleats, Full fit, size 45","Tassel, color 025+019",ALL YEAR TAGS,UMC0171F45T00250190K01,X0022NE86V,Poly bag,"Brand, Suffocation, Sold as Set, FNSKU"
114,1,"Masters Gown+Cap, Black, Matte NO pleats, Full fit, size 48","Tassel, color 025+019",ALL YEAR TAGS,UMC0171F48T00250190K01,X0022Q6KX7,Poly bag,"Brand, Suffocation, Sold as Set, FNSKU"
114,1,"Masters Gown+Cap, Black, Matte NO pleats, Full fit, size 51","Tassel, color 025+019",ALL YEAR TAGS,UMC0171F51T00250190K01,X0022R2625,Poly bag,"Brand, Suffocation, Sold as Set, FNSKU"
114,1,"Masters Gown+Cap, Black, Matte NO pleats, Full fit, size 54","Tassel, color 025+019",ALL YEAR TAGS,UMC0171F54T00250190K01,X0022NE8OX,Poly bag,"Brand, Suffocation, Sold as Set, FNSKU"
114,1,"Masters Gown+Cap, Black, Matte NO pleats, Full fit, size 57","Tassel, color 025+019",ALL YEAR TAGS,UMC0171F57T00250190K01,X0022OD0C3,Poly bag,"Brand, Suffocation, Sold as Set, FNSKU"
114,2,"Masters Gown+Cap, Black, Matte NO pleats, Full fit, size 60","Tassel, color 025+019",ALL YEAR TAGS,UMC0171F60T00250190K01,X0022Q733D,Poly bag,"Brand, Suffocation, Sold as Set, FNSKU"
114,1,"Masters Gown+Cap, Black, Matte NO pleats, Full fit, size 63","Tassel, color 025+019",ALL YEAR TAGS,UMC0171F63T00250190K01,X0022NE8PH,Poly bag,"Brand, Suffocation, Sold as Set, FNSKU"
,,,,,,,,
114,1,"Masters Gown+Cap, Black, Matte NO pleats, Standard fit, size 39","Tassel, color 025+019",ALL YEAR TAGS,UMC0171S39T00250190K01,X0022P8B0X,Poly bag,"Brand, Suffocation, Sold as Set, FNSKU"
114,1,"Masters Gown+Cap, Black, Matte NO pleats, Standard Fit, size 42","Tassel, color 025+019",ALL YEAR TAGS,UMC0171S42T00250190K01,X0022OD00F,Poly bag,"Brand, Suffocation, Sold as Set, FNSKU"
114,4,"Masters Gown+Cap, Black, Matte NO pleats, Standard Fit, size 45","Tassel, color 025+019",ALL YEAR TAGS,UMC0171S45T00250190K01,X0022P8IOH,Poly bag,"Brand, Suffocation, Sold as Set, FNSKU"
114,2,"Masters Gown+Cap, Black, Matte NO pleats, Standard Fit, size 48","Tassel, color 017",ALL YEAR TAGS,UMC0171S48T00170000K01,X0022Q6LBX,Poly bag,"Brand, Suffocation, Sold as Set, FNSKU"
114,4,"Masters Gown+Cap, Black, Matte NO pleats, Standard Fit, size 48","Tassel, color 025+019",ALL YEAR TAGS,UMC0171S48T00250190K01,X0022NE86L,Poly bag,"Brand, Suffocation, Sold as Set, FNSKU"
115,1,"Masters Gown+Cap, Black, Matte NO pleats, Standard Fit, size 48","Tassel, color 025+019",ALL YEAR TAGS,UMC0171S48T00250190K01,X0022NE86L,Poly bag,"Brand, Suffocation, Sold as Set, FNSKU"
115,2,"Masters Gown+Cap, Black, Matte NO pleats, Standard Fit, size 51","Tassel, color 017",ALL YEAR TAGS,UMC0171S51T00170000K01,X0022NE8P7,Poly bag,"Brand, Suffocation, Sold as Set, FNSKU"
115,5,"Masters Gown+Cap, Black, Matte NO pleats, Standard Fit, size 51","Tassel, color 025+019",ALL YEAR TAGS,UMC0171S51T00250190K01,X0022NE86B,Poly bag,"Brand, Suffocation, Sold as Set, FNSKU"
115,5,"Masters Gown+Cap, Black, Matte NO pleats, Standard Fit, size 54","Tassel, color 025+019",ALL YEAR TAGS,UMC0171S54T00250190K01,X0022OD005,Poly bag,"Brand, Suffocation, Sold as Set, FNSKU"
115,3,"Masters Gown+Cap, Black, Matte NO pleats, Standard Fit, size 57","Tassel, color 025+019",ALL YEAR TAGS,UMC0171S57T00250190K01,X0022OCZ6P,Poly bag,"Brand, Suffocation, Sold as Set, FNSKU"
115,1,"Masters Gown+Cap, Black, Matte NO pleats, Standard fit, size 60","Tassel, color 025+019",ALL YEAR TAGS,UMC0171S60T00250190K01,X0022OD1BX,Poly bag,"Brand, Suffocation, Sold as Set, FNSKU"
115,1,"Masters Gown+Cap, Black, Matte NO pleats, Standard fit, size 63","Tassel, color 025+019",ALL YEAR TAGS,UMC0171S63T00250190K01,X0022Q6LC7,Poly bag,"Brand, Suffocation, Sold as Set, FNSKU"
,,,,,,,,
115,1,"Masters Gown+Cap, Black, Matte with pleats, Full fit, size 39","Tassel, color 025+019",ALL YEAR TAGS,UMC0173F39T00250190K01,X0022R26H5,Poly bag,"Brand, Suffocation, Sold as Set, FNSKU"
115,1,"Masters Gown+Cap, Black, Matte with pleats, Full fit, size 42","Tassel, color 025+019",ALL YEAR TAGS,UMC0173F42T00250190K01,X0022P8B1R,Poly bag,"Brand, Suffocation, Sold as Set, FNSKU"
115,1,"Masters Gown+Cap, Black, Matte with pleats, Full fit, size 45","Tassel, color 025+019",ALL YEAR TAGS,UMC0173F45T00250190K01,X0022P8JUP,Poly bag,"Brand, Suffocation, Sold as Set, FNSKU"
115,1,"Masters Gown+Cap, Black, Matte with pleats, Full fit, size 48","Tassel, color 025+019",ALL YEAR TAGS,UMC0173F48T00250190K01,X0022NE93D,Poly bag,"Brand, Suffocation, Sold as Set, FNSKU"
115,2,"Masters Gown+Cap, Black, Matte with pleats, Full fit, size 51","Tassel, color 025+019",ALL YEAR TAGS,UMC0173F51T00250190K01,X0022NE9M9,Poly bag,"Brand, Suffocation, Sold as Set, FNSKU"
115,1,"Masters Gown+Cap, Black, Matte with pleats, Full fit, size 54","Tassel, color 025+019",ALL YEAR TAGS,UMC0173F54T00250190K01,X0022P8B17,Poly bag,"Brand, Suffocation, Sold as Set, FNSKU"
116,1,"Masters Gown+Cap, Black, Matte with pleats, Full fit, size 57","Tassel, color 025+019",ALL YEAR TAGS,UMC0173F57T00250190K01,X0022OD1I1,Poly bag,"Brand, Suffocation, Sold as Set, FNSKU"
116,1,"Masters Gown+Cap, Black, Matte with pleats, Full fit, size 60","Tassel, color 025+019",ALL YEAR TAGS,UMC0173F60T00250190K01,X0022R2V0R,Poly bag,"Brand, Suffocation, Sold as Set, FNSKU"
116,1,"Masters Gown+Cap, Black, Matte with pleats, Full fit, size 63","Tassel, color 025+019",ALL YEAR TAGS,UMC0173F63T00250190K01,X0022OD1BN,Poly bag,"Brand, Suffocation, Sold as Set, FNSKU"
,,,,,,,,
116,1,"Masters Gown+Cap, Black, Matte with pleats, Standard fit, size 39","Tassel, color 025+019",ALL YEAR TAGS,UMC0173S39T00250190K01,X0022R2UNZ,Poly bag,"Brand, Suffocation, Sold as Set, FNSKU"
116,2,"Masters Gown+Cap, Black, Matte with pleats, Standard fit, size 42","Tassel, color 025+019",ALL YEAR TAGS,UMC0173S42T00250190K01,X0022NE933,Poly bag,"Brand, Suffocation, Sold as Set, FNSKU"
116,7,"Masters Gown+Cap, Black, Matte with pleats, Standard Fit, size 45","Tassel, color 017",ALL YEAR TAGS,UMC0173S45T00170000K01,X0022R2V1B,Poly bag,"Brand, Suffocation, Sold as Set, FNSKU"
116,4,"Masters Gown+Cap, Black, Matte with pleats, Standard Fit, size 45","Tassel, color 025+019",ALL YEAR TAGS,UMC0173S45T00250190K01,X0022P8JUF,Poly bag,"Brand, Suffocation, Sold as Set, FNSKU"
116,8,"Masters Gown+Cap, Black, Matte with pleats, Standard Fit, size 48","Tassel, color 017",ALL YEAR TAGS,UMC0173S48T00170000K01,X0022NE9MJ,Poly bag,"Brand, Suffocation, Sold as Set, FNSKU"
117,3,"Masters Gown+Cap, Black, Matte with pleats, Standard Fit, size 48","Tassel, color 017",ALL YEAR TAGS,UMC0173S48T00170000K01,X0022NE9MJ,Poly bag,"Brand, Suffocation, Sold as Set, FNSKU"
117,5,"Masters Gown+Cap, Black, Matte with pleats, Standard Fit, size 48","Tassel, color 025+019",ALL YEAR TAGS,UMC0173S48T00250190K01,X0022Q6LBN,Poly bag,"Brand, Suffocation, Sold as Set, FNSKU"
117,10,"Masters Gown+Cap, Black, Matte with pleats, Standard Fit, size 51","Tassel, color 017",ALL YEAR TAGS,UMC0173S51T00170000K01,X0022OD1HR,Poly bag,"Brand, Suffocation, Sold as Set, FNSKU"
117,7,"Masters Gown+Cap, Black, Matte with pleats, Standard Fit, size 51","Tassel, color 025+019",ALL YEAR TAGS,UMC0173S51T00250190K01,X0022R26GV,Poly bag,"Brand, Suffocation, Sold as Set, FNSKU"
118,8,"Masters Gown+Cap, Black, Matte with pleats, Standard Fit, size 54","Tassel, color 017",ALL YEAR TAGS,UMC0173S54T00170000K01,X0022P8JU5,Poly bag,"Brand, Suffocation, Sold as Set, FNSKU"
118,3,"Masters Gown+Cap, Black, Matte with pleats, Standard Fit, size 54","Tassel, color 025+019",ALL YEAR TAGS,UMC0173S54T00250190K01,X0022Q6YRT,Poly bag,"Brand, Suffocation, Sold as Set, FNSKU"
118,4,"Masters Gown+Cap, Black, Matte with pleats, Standard Fit, size 57","Tassel, color 017",ALL YEAR TAGS,UMC0173S57T00170000K01,X0022Q7347,Poly bag,"Brand, Suffocation, Sold as Set, FNSKU"
118,2,"Masters Gown+Cap, Black, Matte with pleats, Standard Fit, size 57","Tassel, color 025+019",ALL YEAR TAGS,UMC0173S57T00250190K01,X0022Q6LBD,Poly bag,"Brand, Suffocation, Sold as Set, FNSKU"
118,2,"Masters Gown+Cap, Black, Matte with pleats, Standard Fit, size 60","Tassel, color 017",ALL YEAR TAGS,UMC0173S60T00170000K01,X0022R2V11,Poly bag,"Brand, Suffocation, Sold as Set, FNSKU"
118,1,"Masters Gown+Cap, Black, Matte with pleats, Standard fit, size 63","Tassel, color 025+019",ALL YEAR TAGS,UMC0173S63T00250190K01,X0022Q733X,Poly bag,"Brand, Suffocation, Sold as Set, FNSKU"
,,,,,,,,
119,1,"Bachelors Gown+Cap, Purple, Shiny with pleats, Standard Fit, size 39",,,BC2194S39,,Poly bag,"Brand, Suffocation"
119,1,"Bachelors Gown+Cap, Purple, Shiny with pleats, Standard Fit, size 42",,,BC2194S42,,Poly bag,"Brand, Suffocation"
119,7,"Bachelors Gown+Cap, Purple, Shiny with pleats, Standard Fit, size 45",,,BC2194S45,,Poly bag,"Brand, Suffocation"
119,10,"Bachelors Gown+Cap, Purple, Shiny with pleats, Standard Fit, size 48",,,BC2194S48,,Poly bag,"Brand, Suffocation"
119,6,"Bachelors Gown+Cap, Purple, Shiny with pleats, Standard Fit, size 51",,,BC2194S51,,Poly bag,"Brand, Suffocation"
120,4,"Bachelors Gown+Cap, Purple, Shiny with pleats, Standard Fit, size 51",,,BC2194S51,,Poly bag,"Brand, Suffocation"
120,7,"Bachelors Gown+Cap, Purple, Shiny with pleats, Standard Fit, size 54",,,BC2194S54,,Poly bag,"Brand, Suffocation"
120,4,"Bachelors Gown+Cap, Purple, Shiny with pleats, Standard Fit, size 57",,,BC2194S57,,Poly bag,"Brand, Suffocation"
120,2,"Bachelors Gown+Cap, Purple, Shiny with pleats, Standard Fit, size 60",,,BC2194S60,,Poly bag,"Brand, Suffocation"
120,1,"Bachelors Gown+Cap, Purple, Shiny with pleats, Standard Fit, size 63",,,BC2194S63,,Poly bag,"Brand, Suffocation"
120,1,"Bachelors Gown+Cap, Purple, Shiny with pleats, Full Fit, size 39",,,BC2194F39,,Poly bag,"Brand, Suffocation"
120,1,"Bachelors Gown+Cap, Purple, Shiny with pleats, Full Fit, size 42",,,BC2194F42,,Poly bag,"Brand, Suffocation"
120,1,"Bachelors Gown+Cap, Purple, Shiny with pleats, Full Fit, size 45",,,BC2194F45,,Poly bag,"Brand, Suffocation"
120,2,"Bachelors Gown+Cap, Purple, Shiny with pleats, Full Fit, size 48",,,BC2194F48,,Poly bag,"Brand, Suffocation"
120,2,"Bachelors Gown+Cap, Purple, Shiny with pleats, Full Fit, size 51",,,BC2194F51,,Poly bag,"Brand, Suffocation"
121,1,"Bachelors Gown+Cap, Purple, Shiny with pleats, Full Fit, size 54",,,BC2194F54,,Poly bag,"Brand, Suffocation"
121,1,"Bachelors Gown+Cap, Purple, Shiny with pleats, Full Fit, size 57",,,BC2194F57,,Poly bag,"Brand, Suffocation"
121,1,"Bachelors Gown+Cap, Purple, Shiny with pleats, Full Fit, size 60",,,BC2194F60,,Poly bag,"Brand, Suffocation"
121,1,"Bachelors Gown+Cap, Purple, Shiny with pleats, Full Fit, size 63",,,BC2194F63,,Poly bag,"Brand, Suffocation"
,,,,,,,,
122,89,"Tassel, color 025+019",,,T00250190,,Plastic sleeve,None
122,646,"Tassel, color 019",,,T00190000,,Plastic sleeve,None
122,679,"Tassel, color 104",,,T01040000,,Plastic sleeve,None
122,86,"Tassel, color 006",,,T00060000,,Plastic sleeve,None
123,45,"Tassel, color 006",,,T00060000,,Plastic sleeve,None
123,12,"Tassel, color 020",,,T00200000,,Plastic sleeve,None
123,8,"Tassel, color 220",,,T08980000,,Plastic sleeve,None
123,145,"Tassel, color 017",,,T00170000,,Plastic sleeve,None
123,60,"Tassel, color 017+031",,,T00170310,,Plastic sleeve,None
,,,,,,,,
123,1770,"""2019"" Year Tag",,,Y00002019,,Plastic bag,None
123,1770,"""19"" Year Tag",,,Y00000019,,Plastic bag,None
123,1770,"""2020"" Year Tag",,,Y00002020,,Plastic bag,None
123,1770,"""20"" Year Tag",,,Y00000020,,Plastic bag,None